Rk,Player,Nation,Pos,Squad,Age,Born,MP,Starts,Min,90s,Gls,Ast,G-PK,PK,PKatt,CrdY,CrdR,Gls,Ast,G+A,G-PK,G+A-PK,xG,npxG,xA,npxG+xA
1,Patrick van Aanholt\5f09991f,nl NED,DF,Crystal Palace,28,1990,29,29,2507,27.9,3,2,2,1,1,0,0,0.11,0.07,0.18,0.07,0.14,2.4,1.6,3.2,4.8
2,Max Aarons\774cf58b,eng ENG,DF,Norwich City,19,2000,36,36,3240,36.0,0,1,0,0,0,7,0,0.00,0.03,0.03,0.00,0.03,0.5,0.5,3.4,3.9
3,Tammy Abraham\f586779e,eng ENG,FW,Chelsea,21,1997,34,25,2215,24.6,15,3,15,0,0,2,0,0.61,0.12,0.73,0.61,0.73,14.1,14.1,2.5,16.6
4,Che Adams\f2bf1b0f,sct SCO,FW,Southampton,23,1996,30,12,1111,12.3,4,2,4,0,0,0,0,0.32,0.16,0.49,0.32,0.49,4.0,4.0,1.2,5.2
5,Adrián\f76e6b4e,es ESP,GK,Liverpool,32,1987,11,9,875,9.7,0,0,0,0,0,1,0,0.00,0.00,0.00,0.00,0.00,0.0,0.0,0.0,0.0
6,Sergio Agüero\4d034881,ar ARG,FW,Manchester City,31,1988,24,18,1452,16.1,16,3,14,2,3,1,0,0.99,0.19,1.18,0.87,1.05,14.1,11.9,2.4,14.3
7,Albian Ajeti\2b1c4abd,ch SUI,MFFW,West Ham,22,1997,9,0,139,1.5,0,0,0,0,0,0,0,0.00,0.00,0.00,0.00,0.00,0.1,0.1,0.1,0.2
8,Nathan Aké\eaeca114,nl NED,DF,Bournemouth,24,1995,29,29,2503,27.8,2,2,2,0,0,2,0,0.07,0.07,0.14,0.07,0.14,2.4,2.4,0.6,3.0
9,Marc Albrighton\b827d5b3,eng ENG,MFDF,Leicester City,29,1989,20,9,867,9.6,0,3,0,0,0,2,0,0.00,0.31,0.31,0.00,0.31,0.6,0.6,2.0,2.6
10,Toby Alderweireld\f7d50789,be BEL,DF,Tottenham,30,1989,33,33,2957,32.9,2,2,2,0,0,7,0,0.06,0.06,0.12,0.06,0.12,1.1,1.1,1.1,2.2
11,Trent Alexander-Arnold\cd1acf9d,eng ENG,DF,Liverpool,20,1998,38,35,3175,35.3,4,13,4,0,0,5,0,0.11,0.37,0.48,0.11,0.48,2.8,2.8,9.9,12.7
12,Alisson\7a2e46a8,br BRA,GK,Liverpool,26,1992,29,29,2543,28.3,0,1,0,0,0,0,1,0.00,0.04,0.04,0.00,0.04,0.0,0.0,0.5,0.5
13,Dele Alli\cea4ee8f,eng ENG,MFFW,Tottenham,23,1996,25,21,1847,20.5,8,4,7,1,1,2,0,0.39,0.19,0.58,0.34,0.54,7.1,6.3,2.0,8.3
14,Miguel Almirón\862a1c15,py PAR,MFFW,Newcastle Utd,25,1994,36,35,3021,33.6,4,2,4,0,0,5,0,0.12,0.06,0.18,0.12,0.18,6.3,6.3,1.6,7.9
15,Marcos Alonso\f4290206,es ESP,DF,Chelsea,28,1990,18,15,1430,15.9,4,2,4,0,0,4,0,0.25,0.13,0.38,0.25,0.38,2.0,2.0,2.2,4.2
16,Steven Alzate\ad1f61f3,co COL,MFDF,Brighton,20,1998,19,12,1188,13.2,0,0,0,0,0,1,0,0.00,0.00,0.00,0.00,0.00,1.2,1.2,0.7,1.9
17,Ibrahim Amadou\9260926b,fr FRA,DFMF,Norwich City,26,1993,11,8,759,8.4,0,0,0,0,0,1,0,0.00,0.00,0.00,0.00,0.00,1.0,1.0,0.0,1.0
18,Felipe Anderson\9f1893b9,br BRA,MFFW,West Ham,26,1993,25,20,1497,16.6,1,4,1,0,0,1,0,0.06,0.24,0.30,0.06,0.30,2.5,2.5,3.1,5.5
19,Florin Andone\dc008610,ro ROU,MFFW,Brighton,26,1993,3,1,73,0.8,1,0,1,0,0,0,1,1.23,0.00,1.23,1.23,1.23,0.1,0.1,0.0,0.2
20,Angeliño\30941e96,es ESP,DF,Manchester City,22,1997,6,4,423,4.7,0,0,0,0,0,1,0,0.00,0.00,0.00,0.00,0.00,0.2,0.2,1.2,1.4
21,Faustino Anjorin\b105919e,eng ENG,FW,Chelsea,17,2001,1,0,20,0.2,0,0,0,0,0,0,0,0.00,0.00,0.00,0.00,0.00,0.0,0.0,0.0,0.0
22,Michail Antonio\ac05f970,jm JAM,FW,West Ham,29,1990,24,19,1768,19.6,10,3,9,1,1,3,0,0.51,0.15,0.66,0.46,0.61,11.7,10.9,2.7,13.6
23,Stuart Armstrong\97333cf5,sct SCO,MF,Southampton,27,1992,30,19,1715,19.1,5,3,5,0,0,4,0,0.26,0.16,0.42,0.26,0.42,2.9,2.9,1.1,4.0
24,Kepa Arrizabalaga\28d596a0,es ESP,GK,Chelsea,24,1994,33,33,2970,33.0,0,0,0,0,0,0,0,0.00,0.00,0.00,0.00,0.00,0.0,0.0,0.0,0.0
25,Christian Atsu\8816329f,gh GHA,FWMF,Newcastle Utd,27,1992,19,6,749,8.3,0,3,0,0,0,2,0,0.00,0.36,0.36,0.00,0.36,0.2,0.2,0.9,1.1
26,Pierre-Emerick Aubameyang\d5dd5f1f,ga GAB,FW,Arsenal,30,1989,36,35,3136,34.8,22,3,20,2,2,3,1,0.63,0.09,0.72,0.57,0.66,15.8,14.3,2.9,17.2
27,Serge Aurier\5c2b4f07,ci CIV,DF,Tottenham,26,1992,33,31,2700,30.0,1,5,1,0,0,4,1,0.03,0.17,0.20,0.03,0.20,0.6,0.6,2.8,3.4
28,Jordan Ayew\da052c14,gh GHA,FWMF,Crystal Palace,27,1991,37,37,3148,35.0,9,2,9,0,0,6,0,0.26,0.06,0.31,0.26,0.31,6.5,6.5,1.9,8.4
29,César Azpilicueta\53cad200,es ESP,DF,Chelsea,29,1989,36,36,3229,35.9,2,6,2,0,0,1,0,0.06,0.17,0.22,0.06,0.22,2.7,2.7,5.8,8.5
30,Eric Bailly\a1232f4e,ci CIV,DF,Manchester Utd,25,1994,4,1,150,1.7,0,0,0,0,0,0,0,0.00,0.00,0.00,0.00,0.00,0.0,0.0,0.0,0.0
31,Leighton Baines\b18095b6,eng ENG,DF,Everton,34,1984,8,4,404,4.5,0,0,0,0,0,0,0,0.00,0.00,0.00,0.00,0.00,0.0,0.0,0.7,0.8
32,Fabián Balbuena\3626f7d9,py PAR,DF,West Ham,27,1991,17,13,1177,13.1,1,0,1,0,0,2,0,0.08,0.00,0.08,0.08,0.08,1.7,1.7,0.0,1.7
33,George Baldock\394854c4,eng ENG,DF,Sheffield Utd,26,1993,38,38,3420,38.0,2,3,2,0,0,7,0,0.05,0.08,0.13,0.05,0.13,0.9,0.9,2.5,3.5
34,Phil Bardsley\1ae30132,sct SCO,DF,Burnley,34,1985,21,21,1890,21.0,0,1,0,0,0,6,0,0.00,0.05,0.05,0.00,0.05,0.2,0.2,0.7,0.9
35,Ross Barkley\3a24769f,eng ENG,MF,Chelsea,25,1993,21,13,1103,12.3,1,4,1,0,0,0,0,0.08,0.33,0.41,0.08,0.41,2.2,2.2,2.8,4.9
36,Ashley Barnes\2691c772,eng ENG,FW,Burnley,29,1989,19,17,1352,15.0,6,0,5,1,1,4,0,0.40,0.00,0.40,0.33,0.33,5.6,4.8,0.5,5.3
37,Harvey Barnes\3ea50f67,eng ENG,MFFW,Leicester City,21,1997,36,24,2083,23.1,6,8,6,0,0,0,0,0.26,0.35,0.60,0.26,0.60,8.7,8.7,3.5,12.2
38,Chris Basham\1aa84968,eng ENG,DF,Sheffield Utd,31,1988,38,38,3242,36.0,0,1,0,0,0,4,0,0.00,0.03,0.03,0.00,0.03,0.5,0.5,1.0,1.6
39,Borja Bastón\8c44e37b,es ESP,MFFW,Aston Villa,26,1992,2,0,18,0.2,0,0,0,0,0,0,0,0.00,0.00,0.00,0.00,0.00,0.0,0.0,0.0,0.0
40,Michy Batshuayi\2973d8ff,be BEL,FW,Chelsea,25,1993,16,1,239,2.7,1,1,1,0,0,0,0,0.38,0.38,0.75,0.38,0.75,2.2,2.2,0.2,2.4
41,Jan Bednarek\4115ce4e,pl POL,DF,Southampton,23,1996,34,34,3057,34.0,1,1,1,0,0,4,0,0.03,0.03,0.06,0.03,0.06,0.8,0.8,0.1,0.9
42,Héctor Bellerín\f874dd44,es ESP,DF,Arsenal,24,1995,15,13,1158,12.9,1,0,1,0,0,2,0,0.08,0.00,0.08,0.08,0.08,0.5,0.5,0.3,0.8
43,Ryan Bennett\0bad4516,eng ENG,DF,Leicester City,29,1990,5,3,331,3.7,0,0,0,0,0,0,0,0.00,0.00,0.00,0.00,0.00,0.0,0.0,0.0,0.0
44,Ryan Bennett\0bad4516,eng ENG,DF,Wolves,29,1990,11,7,606,6.7,0,0,0,0,0,2,0,0.00,0.00,0.00,0.00,0.00,0.0,0.0,0.1,0.1
45,Nabil Bentaleb\3189f61a,dz ALG,MF,Newcastle Utd,24,1994,12,8,751,8.3,0,0,0,0,0,2,0,0.00,0.00,0.00,0.00,0.00,0.1,0.1,0.2,0.3
46,Christian Benteke\ab070c55,be BEL,FW,Crystal Palace,28,1990,24,13,1261,14.0,2,1,2,0,0,4,1,0.14,0.07,0.21,0.14,0.21,5.1,5.1,2.1,7.2
47,Jóhann Berg Guðmundsson\f72293fc,is ISL,MF,Burnley,28,1990,12,6,621,6.9,1,1,1,0,0,0,0,0.14,0.14,0.29,0.14,0.29,1.1,1.1,0.8,1.9
48,Sander Berge\d0b6129f,no NOR,MF,Sheffield Utd,21,1998,14,12,943,10.5,1,1,1,0,0,0,0,0.10,0.10,0.19,0.10,0.19,0.5,0.5,0.4,0.9
49,Steven Bergwijn\a29b1131,nl NED,FWMF,Tottenham,21,1997,14,8,704,7.8,3,1,3,0,0,2,0,0.38,0.13,0.51,0.38,0.51,1.2,1.2,1.0,2.2
50,Bernard\ab4b3e35,br BRA,MFFW,Everton,26,1992,27,15,1280,14.2,3,2,3,0,0,2,0,0.21,0.14,0.35,0.21,0.35,1.1,1.1,1.9,3.0
51,Bernardo\17370b95,br BRA,DF,Brighton,24,1995,14,7,679,7.5,0,0,0,0,0,1,0,0.00,0.00,0.00,0.00,0.00,0.2,0.2,0.2,0.4
52,Ryan Bertrand\01226327,eng ENG,DF,Southampton,29,1989,32,31,2742,30.5,1,1,1,0,0,3,1,0.03,0.03,0.07,0.03,0.07,1.7,1.7,3.5,5.2
53,Muhamed Bešić\7ca9f0f0,ba BIH,MF,Sheffield Utd,26,1992,9,2,250,2.8,0,0,0,0,0,2,0,0.00,0.00,0.00,0.00,0.00,0.1,0.1,0.1,0.2
54,Philip Billing\d328a254,dk DEN,MF,Bournemouth,23,1996,34,29,2530,28.1,1,1,1,0,0,8,0,0.04,0.04,0.07,0.04,0.07,2.5,2.5,1.0,3.5
55,Yves Bissouma\6c203af0,ml MLI,MF,Brighton,22,1996,22,15,1259,14.0,1,0,1,0,0,4,0,0.07,0.00,0.07,0.07,0.07,0.4,0.4,0.1,0.6
56,Willy Boly\a4ac4b8f,ci CIV,DF,Wolves,28,1991,22,22,1979,22.0,0,1,0,0,0,3,1,0.00,0.05,0.05,0.00,0.05,0.3,0.3,0.3,0.6
57,Gaëtan Bong\cfd5e123,cm CMR,MFDF,Brighton,31,1988,4,0,59,0.7,0,0,0,0,0,0,0,0.00,0.00,0.00,0.00,0.00,0.0,0.0,0.1,0.1
58,Sofiane Boufal\b0c71810,ma MAR,MFFW,Southampton,25,1993,20,8,764,8.5,0,2,0,0,0,2,0,0.00,0.24,0.24,0.00,0.24,1.0,1.0,2.7,3.6
59,Jarrod Bowen\79c84d1c,eng ENG,FW,West Ham,22,1996,13,11,917,10.2,1,4,1,0,0,0,0,0.10,0.39,0.49,0.10,0.49,1.7,1.7,2.2,3.9
60,Robbie Brady\96bb8cc2,ie IRL,MF,Burnley,27,1992,17,5,454,5.0,1,2,1,0,0,1,0,0.20,0.40,0.59,0.20,0.59,1.2,1.2,0.3,1.5
61,Jarrad Branthwaite\c1949191,eng ENG,DF,Everton,17,2002,4,2,300,3.3,0,0,0,0,0,0,0,0.00,0.00,0.00,0.00,0.00,0.0,0.0,0.0,0.0
62,Claudio Bravo\10072610,cl CHI,GK,Manchester City,36,1983,4,3,347,3.9,0,0,0,0,0,0,0,0.00,0.00,0.00,0.00,0.00,0.0,0.0,0.0,0.0
63,Armando Broja\97220da2,al ALB,FW,Chelsea,17,2001,1,0,5,0.1,0,0,0,0,0,0,0,0.00,0.00,0.00,0.00,0.00,0.0,0.0,0.0,0.0
64,David Brooks\dc4cae05,wls WAL,MF,Bournemouth,22,1997,9,8,506,5.6,1,0,1,0,0,1,0,0.18,0.00,0.18,0.18,0.18,0.8,0.8,0.4,1.2
65,Josh Brownhill\47369df8,eng ENG,MF,Burnley,23,1995,10,9,805,8.9,0,0,0,0,0,2,0,0.00,0.00,0.00,0.00,0.00,0.4,0.4,0.2,0.5
66,Emi Buendía\66b76d44,ar ARG,FWMF,Norwich City,22,1996,36,28,2464,27.4,1,7,1,0,0,6,1,0.04,0.26,0.29,0.04,0.29,2.2,2.2,7.2,9.4
67,Dan Burn\b2d31e83,eng ENG,DF,Brighton,27,1992,34,33,2880,32.0,0,0,0,0,0,5,0,0.00,0.00,0.00,0.00,0.00,1.2,1.2,1.2,2.4
68,Sam Byram\1bf811d4,eng ENG,DF,Norwich City,25,1993,17,15,1293,14.4,0,0,0,0,0,4,0,0.00,0.00,0.00,0.00,0.00,1.2,1.2,0.5,1.7
69,Willy Caballero\a179d516,ar ARG,GK,Chelsea,37,1981,5,5,450,5.0,0,0,0,0,0,0,0,0.00,0.00,0.00,0.00,0.00,0.0,0.0,0.0,0.0
70,Gary Cahill\7914b9fe,eng ENG,DF,Crystal Palace,33,1985,25,25,2167,24.1,0,1,0,0,0,1,0,0.00,0.04,0.04,0.00,0.04,1.3,1.3,0.3,1.6
71,Dominic Calvert-Lewin\59e6e5bf,eng ENG,FW,Everton,22,1997,36,30,2626,29.2,13,1,13,0,0,9,0,0.45,0.03,0.48,0.45,0.48,14.3,14.3,1.0,15.3
72,Víctor Camarasa\b2d03887,es ESP,MF,Crystal Palace,25,1994,1,0,6,0.1,0,0,0,0,0,0,0,0.00,0.00,0.00,0.00,0.00,0.0,0.0,0.0,0.0
73,João Cancelo\bd6351cd,pt POR,DF,Manchester City,25,1994,17,13,1208,13.4,0,0,0,0,0,4,0,0.00,0.00,0.00,0.00,0.00,0.5,0.5,1.7,2.2
74,Todd Cantwell\f63d8a4b,eng ENG,FWMF,Norwich City,21,1998,37,30,2489,27.7,6,2,6,0,0,6,0,0.22,0.07,0.29,0.22,0.29,5.8,5.8,2.8,8.6
75,Étienne Capoue\5acc4a10,fr FRA,MF,Watford,31,1988,30,30,2627,29.2,0,3,0,0,0,8,0,0.00,0.10,0.10,0.00,0.10,0.8,0.8,3.1,3.9
76,Andy Carroll\b581987a,eng ENG,FW,Newcastle Utd,30,1989,19,4,632,7.0,0,4,0,0,0,1,0,0.00,0.57,0.57,0.00,0.57,0.9,0.9,1.6,2.5
77,Jonny Castro\e28868f3,es ESP,DF,Wolves,25,1994,35,33,2887,32.1,2,2,2,0,0,4,0,0.06,0.06,0.12,0.06,0.12,1.3,1.3,0.9,2.2
78,Craig Cathcart\89e4b358,nir NIR,DF,Watford,30,1989,29,28,2488,27.6,0,0,0,0,0,7,0,0.00,0.00,0.00,0.00,0.00,0.3,0.3,0.0,0.3
79,Dani Ceballos\c0617e2b,es ESP,MF,Arsenal,22,1996,24,18,1692,18.8,0,2,0,0,0,1,0,0.00,0.11,0.11,0.00,0.11,0.5,0.5,1.9,2.4
80,Nathaniel Chalobah\422862ea,eng ENG,MF,Watford,24,1994,22,10,930,10.3,0,1,0,0,0,1,0,0.00,0.10,0.10,0.00,0.10,0.4,0.4,1.1,1.6
81,Calum Chambers\dc6f5bdd,eng ENG,DF,Arsenal,24,1995,14,13,1102,12.2,1,1,1,0,0,5,0,0.08,0.08,0.16,0.08,0.16,0.7,0.7,0.7,1.4
82,Ben Chilwell\d2424d1b,eng ENG,DF,Leicester City,22,1996,27,27,2373,26.4,3,3,3,0,0,3,0,0.11,0.11,0.23,0.11,0.23,1.0,1.0,3.6,4.6
83,Tahith Chong\2696b6a9,nl NED,FWDF,Manchester Utd,19,1999,3,0,37,0.4,0,0,0,0,0,0,0,0.00,0.00,0.00,0.00,0.00,0.1,0.1,0.0,0.1
84,Hamza Choudhury\7d2d3329,eng ENG,MF,Leicester City,21,1997,20,10,893,9.9,1,1,1,0,0,4,1,0.10,0.10,0.20,0.10,0.20,0.5,0.5,0.1,0.6
85,Andreas Christensen\1cb49278,dk DEN,DF,Chelsea,23,1996,21,21,1751,19.5,0,0,0,0,0,5,0,0.00,0.00,0.00,0.00,0.00,0.7,0.7,1.0,1.8
86,Ciaran Clark\2b91cf8e,ie IRL,DF,Newcastle Utd,29,1989,14,14,1186,13.2,2,0,2,0,0,3,0,0.15,0.00,0.15,0.15,0.15,1.3,1.3,0.0,1.3
87,Leon Clarke\91c975a0,eng ENG,FWMF,Sheffield Utd,34,1985,2,0,35,0.4,0,0,0,0,0,0,0,0.00,0.00,0.00,0.00,0.00,0.3,0.3,0.0,0.3
88,Tom Cleverley\6cdd8245,eng ENG,MF,Watford,29,1989,18,11,971,10.8,1,0,1,0,0,2,0,0.09,0.00,0.09,0.09,0.09,1.6,1.6,0.5,2.1
89,Conor Coady\2928dca2,eng ENG,DF,Wolves,26,1993,38,38,3420,38.0,0,0,0,0,0,5,0,0.00,0.00,0.00,0.00,0.00,0.0,0.0,0.7,0.7
90,Séamus Coleman\0420d84f,ie IRL,DF,Everton,30,1988,27,21,1839,20.4,0,1,0,0,0,5,1,0.00,0.05,0.05,0.00,0.05,0.7,0.7,0.6,1.3
91,Aaron Connolly\27c01749,ie IRL,FW,Brighton,19,2000,24,14,1258,14.0,3,1,3,0,0,0,0,0.21,0.07,0.29,0.21,0.29,3.2,3.2,0.3,3.5
92,Lewis Cook\2afc7272,eng ENG,MF,Bournemouth,22,1997,27,14,1352,15.0,0,0,0,0,0,5,0,0.00,0.00,0.00,0.00,0.00,0.3,0.3,1.0,1.3
93,Steve Cook\3e5e4e63,eng ENG,DF,Bournemouth,28,1991,29,28,2428,27.0,1,0,1,0,0,6,1,0.04,0.00,0.04,0.04,0.04,0.7,0.7,0.3,1.1
94,Jack Cork\74e12f1e,eng ENG,MF,Burnley,30,1989,30,30,2613,29.0,0,0,0,0,0,1,0,0.00,0.00,0.00,0.00,0.00,1.7,1.7,0.7,2.4
95,Aaron Cresswell\4f974391,eng ENG,DF,West Ham,29,1989,31,31,2727,30.3,3,0,3,0,0,7,0,0.10,0.00,0.10,0.10,0.10,1.3,1.3,1.8,3.1
96,Patrick Cutrone\a4fe8cda,it ITA,FW,Wolves,21,1998,12,3,297,3.3,2,0,2,0,0,0,0,0.61,0.00,0.61,0.61,0.61,2.4,2.4,0.0,2.4
97,Diogo Dalot\d9565625,pt POR,DFMF,Manchester Utd,20,1999,4,1,67,0.7,0,0,0,0,0,0,0,0.00,0.00,0.00,0.00,0.00,0.2,0.2,0.0,0.2
98,Charlie Daniels\9d107085,eng ENG,DF,Bournemouth,32,1986,2,2,126,1.4,0,0,0,0,0,0,0,0.00,0.00,0.00,0.00,0.00,0.0,0.0,0.1,0.1
99,Scott Dann\52105203,eng ENG,DF,Crystal Palace,32,1987,16,14,1266,14.1,0,1,0,0,0,0,0,0.00,0.07,0.07,0.00,0.07,0.4,0.4,0.4,0.8
100,Kevin Danso\6e33125f,at AUT,DF,Southampton,20,1998,6,3,277,3.1,0,1,0,0,0,2,1,0.00,0.32,0.32,0.00,0.32,0.1,0.1,0.2,0.3
101,Ben Davies\44781702,wls WAL,DF,Tottenham,26,1993,18,16,1431,15.9,0,0,0,0,0,6,0,0.00,0.00,0.00,0.00,0.00,0.2,0.2,0.6,0.9
102,Tom Davies\9228b07c,eng ENG,MF,Everton,21,1998,30,23,2027,22.5,1,0,1,0,0,8,0,0.04,0.00,0.04,0.04,0.04,2.0,2.0,0.3,2.3
103,Keinan Davis\9deaf2c8,eng ENG,FW,Aston Villa,21,1998,18,4,548,6.1,0,0,0,0,0,0,0,0.00,0.00,0.00,0.00,0.00,1.9,1.9,0.2,2.1
104,Craig Dawson\3e9e06cb,eng ENG,DF,Watford,29,1990,29,26,2361,26.2,2,0,2,0,0,6,0,0.08,0.00,0.08,0.08,0.08,2.3,2.3,0.3,2.6
105,Kevin De Bruyne\e46012d4,be BEL,MF,Manchester City,28,1991,35,32,2791,31.0,13,20,11,2,2,3,0,0.42,0.64,1.06,0.35,1.00,7.6,6.2,18.4,24.5
106,Troy Deeney\82e34b69,eng ENG,FW,Watford,31,1988,27,26,2225,24.7,10,2,5,5,6,3,0,0.40,0.08,0.49,0.20,0.28,9.8,5.2,3.6,8.8
107,Fabian Delph\111c3236,eng ENG,MF,Everton,29,1989,16,13,1190,13.2,0,0,0,0,0,5,1,0.00,0.00,0.00,0.00,0.00,0.1,0.1,0.3,0.4
108,Leander Dendoncker\5a7301ae,be BEL,MFDF,Wolves,24,1995,38,32,2795,31.1,4,0,4,0,0,5,0,0.13,0.00,0.13,0.13,0.13,1.6,1.6,0.6,2.1
109,Gerard Deulofeu\39583cfd,es ESP,FW,Watford,25,1994,28,25,2098,23.3,4,5,3,1,1,3,0,0.17,0.21,0.39,0.13,0.34,5.2,4.5,4.6,9.1
110,Eric Dier\ac861941,eng ENG,DFMF,Tottenham,25,1994,19,15,1344,14.9,0,2,0,0,0,5,0,0.00,0.13,0.13,0.00,0.13,1.0,1.0,0.1,1.1
111,Lucas Digne\1b84dbe1,fr FRA,DF,Everton,26,1993,35,35,3030,33.7,0,7,0,0,0,6,0,0.00,0.21,0.21,0.00,0.21,1.4,1.4,6.0,7.5
112,Virgil van Dijk\e06683ca,nl NED,DF,Liverpool,28,1991,38,38,3420,38.0,5,1,5,0,0,1,0,0.13,0.03,0.16,0.13,0.16,2.9,2.9,1.3,4.2
113,Issa Diop\a712ca2b,fr FRA,DF,West Ham,22,1997,32,31,2766,30.7,3,1,3,0,0,8,0,0.10,0.03,0.13,0.10,0.13,1.6,1.6,0.9,2.5
114,Moussa Djenepo\254147d4,ml MLI,MFDF,Southampton,21,1998,18,10,928,10.3,2,2,2,0,0,4,1,0.19,0.19,0.39,0.19,0.39,2.7,2.7,1.3,4.1
115,Matt Doherty\d557d734,ie IRL,DF,Wolves,27,1992,36,32,2839,31.5,4,3,4,0,0,1,0,0.13,0.10,0.22,0.13,0.22,5.2,5.2,1.8,6.9
116,Abdoulaye Doucouré\02b29014,ml MLI,MF,Watford,26,1993,37,36,3156,35.1,4,2,4,0,0,9,0,0.11,0.06,0.17,0.11,0.17,5.3,5.3,2.6,8.0
117,Thomas Doyle\5526deb1,eng ENG,MF,Manchester City,17,2001,1,0,16,0.2,0,0,0,0,0,0,0,0.00,0.00,0.00,0.00,0.00,0.1,0.1,0.0,0.1
118,Danny Drinkwater\2649ff32,eng ENG,MF,Aston Villa,29,1990,4,4,259,2.9,0,0,0,0,0,1,0,0.00,0.00,0.00,0.00,0.00,0.1,0.1,0.0,0.1
119,Danny Drinkwater\2649ff32,eng ENG,MF,Burnley,29,1990,1,1,58,0.6,0,0,0,0,0,0,0,0.00,0.00,0.00,0.00,0.00,0.0,0.0,0.0,0.0
120,Josip Drmić\15ea94de,ch SUI,FWMF,Norwich City,26,1992,21,5,647,7.2,1,0,1,0,0,0,1,0.14,0.00,0.14,0.14,0.14,2.6,2.6,0.4,3.0
121,Martin Dúbravka\3a949a25,sk SVK,GK,Newcastle Utd,30,1989,38,38,3420,38.0,0,0,0,0,0,0,0,0.00,0.00,0.00,0.00,0.00,0.0,0.0,0.0,0.0
122,Ondrej Duda\79ca3e23,sk SVK,MF,Norwich City,24,1994,10,9,724,8.0,0,0,0,0,0,0,0,0.00,0.00,0.00,0.00,0.00,0.7,0.7,1.0,1.8
123,Shane Duffy\7314bba4,ie IRL,DF,Brighton,27,1992,19,12,1238,13.8,1,0,1,0,0,2,0,0.07,0.00,0.07,0.07,0.07,1.5,1.5,0.0,1.5
124,Paul Dummett\3fe6bd8c,wls WAL,DF,Newcastle Utd,27,1991,16,14,1228,13.6,0,0,0,0,0,2,0,0.00,0.00,0.00,0.00,0.00,0.0,0.0,0.1,0.2
125,Lewis Dunk\282f75f3,eng ENG,DF,Brighton,27,1991,36,36,3230,35.9,3,3,3,0,0,9,0,0.08,0.08,0.17,0.08,0.17,4.0,4.0,1.1,5.2
126,Ederson\3bb7b8b4,br BRA,GK,Manchester City,25,1993,35,35,3071,34.1,0,0,0,0,0,3,1,0.00,0.00,0.00,0.00,0.00,0.0,0.0,0.1,0.1
127,John Egan\debe38a0,ie IRL,DF,Sheffield Utd,26,1992,36,36,3187,35.4,2,0,2,0,0,5,1,0.06,0.00,0.06,0.06,0.06,2.3,2.3,0.1,2.4
128,Harvey Elliott\c8387671,eng ENG,DF,Liverpool,16,2003,2,0,8,0.1,0,0,0,0,0,0,0,0.00,0.00,0.00,0.00,0.00,0.0,0.0,0.0,0.0
129,Ahmed Elmohamady\615ef733,eg EGY,DF,Aston Villa,31,1987,18,11,1031,11.5,1,1,1,0,0,1,0,0.09,0.09,0.17,0.09,0.17,0.2,0.2,2.6,2.8
130,Björn Engels\4fdf1fd9,be BEL,DF,Aston Villa,24,1994,17,15,1447,16.1,1,0,1,0,0,1,0,0.06,0.00,0.06,0.06,0.06,0.8,0.8,0.1,0.8
131,Christian Eriksen\980522ec,dk DEN,MFFW,Tottenham,27,1992,20,10,1097,12.2,2,2,2,0,0,5,0,0.16,0.16,0.33,0.16,0.33,1.9,1.9,2.0,3.9
132,Jonny Evans\f8fcd2a5,nir NIR,DF,Leicester City,31,1988,38,38,3383,37.6,1,1,1,0,0,8,1,0.03,0.03,0.05,0.03,0.05,2.6,2.6,0.6,3.2
133,Łukasz Fabiański\9328b835,pl POL,GK,West Ham,34,1985,25,25,2117,23.5,0,0,0,0,0,1,0,0.00,0.00,0.00,0.00,0.00,0.0,0.0,0.0,0.0
134,Fabinho\7f3b388c,br BRA,MF,Liverpool,25,1993,28,22,2079,23.1,2,3,2,0,0,6,0,0.09,0.13,0.22,0.09,0.22,0.4,0.4,1.8,2.2
135,Ralf Fährmann\1e43fad8,de GER,GK,Norwich City,30,1988,1,1,21,0.2,0,0,0,0,0,0,0,0.00,0.00,0.00,0.00,0.00,0.0,0.0,0.0,0.0
136,Akin Famewo\9d9a71c1,eng ENG,MF,Norwich City,20,1998,1,0,1,0.0,0,0,0,0,0,0,0,0.00,0.00,0.00,0.00,0.00,0.0,0.0,0.0,0.0
137,Kiko Femenía\e5d01ecf,es ESP,DF,Watford,28,1991,28,26,2237,24.9,0,0,0,0,0,5,0,0.00,0.00,0.00,0.00,0.00,0.1,0.1,1.5,1.6
138,Bruno Fernandes\507c7bdf,pt POR,MF,Manchester Utd,24,1994,14,14,1186,13.2,8,7,4,4,4,2,0,0.61,0.53,1.14,0.30,0.83,5.8,2.8,2.5,5.3
139,Gedson Fernandes\e2dde94c,pt POR,MFDF,Tottenham,20,1999,7,0,68,0.8,0,0,0,0,0,0,0,0.00,0.00,0.00,0.00,0.00,0.0,0.0,0.2,0.2
140,Federico Fernández\f25b010f,ar ARG,DF,Newcastle Utd,30,1989,32,29,2620,29.1,2,2,2,0,0,8,0,0.07,0.07,0.14,0.07,0.14,1.7,1.7,0.3,2.0
141,Fernandinho\101da2b5,br BRA,DF,Manchester City,34,1985,30,26,2397,26.6,0,1,0,0,0,9,2,0.00,0.04,0.04,0.00,0.04,1.1,1.1,0.5,1.6
142,Roberto Firmino\4c370d81,br BRA,FW,Liverpool,27,1991,38,34,2988,33.2,9,8,9,0,0,0,0,0.27,0.24,0.51,0.27,0.51,13.5,13.5,6.3,19.7
143,John Fleck\b63e789d,sct SCO,MF,Sheffield Utd,27,1991,30,28,2516,28.0,5,2,5,0,0,8,0,0.18,0.07,0.25,0.18,0.25,3.6,3.6,3.3,6.8
144,Phil Foden\ed1e53f3,eng ENG,FWMF,Manchester City,19,2000,23,9,901,10.0,5,2,5,0,0,0,0,0.50,0.20,0.70,0.50,0.70,4.3,4.3,2.0,6.3
145,Pablo Fornals\82927de4,es ESP,MFFW,West Ham,23,1996,36,24,2172,24.1,2,5,2,0,0,3,0,0.08,0.21,0.29,0.08,0.29,2.9,2.9,2.2,5.0
146,Ben Foster\d0b3ceb9,eng ENG,GK,Watford,36,1983,38,38,3420,38.0,0,0,0,0,0,1,0,0.00,0.00,0.00,0.00,0.00,0.1,0.1,0.0,0.1
147,Timothy Fosu-Mensah\a9142dc3,nl NED,DF,Manchester Utd,21,1998,3,2,136,1.5,0,0,0,0,0,1,0,0.00,0.00,0.00,0.00,0.00,0.1,0.1,0.1,0.2
148,Dimitri Foulquier\45e17712,fr FRA,DFMF,Watford,26,1993,3,1,59,0.7,0,0,0,0,0,0,0,0.00,0.00,0.00,0.00,0.00,0.0,0.0,0.0,0.0
149,Juan Foyth\6c7762c3,ar ARG,DF,Tottenham,21,1998,4,1,68,0.8,0,0,0,0,0,1,0,0.00,0.00,0.00,0.00,0.00,0.0,0.0,0.0,0.0
150,Simon Francis\1e0b6a73,eng ENG,DF,Bournemouth,34,1985,15,10,969,10.8,0,0,0,0,0,5,1,0.00,0.00,0.00,0.00,0.00,0.2,0.2,0.3,0.5
151,Ryan Fraser\d56543a0,sct SCO,MFFW,Bournemouth,25,1994,28,21,2067,23.0,1,4,1,0,0,2,0,0.04,0.17,0.22,0.04,0.22,3.3,3.3,4.1,7.3
152,Fred\b853e0ad,br BRA,MF,Manchester Utd,26,1993,29,23,2163,24.0,0,0,0,0,0,8,0,0.00,0.00,0.00,0.00,0.00,2.0,2.0,2.5,4.4
153,Ryan Fredericks\c067631c,eng ENG,DF,West Ham,26,1992,27,25,2237,24.9,0,3,0,0,0,7,0,0.00,0.12,0.12,0.00,0.12,0.1,0.1,2.6,2.7
154,Kieron Freeman\c13c24c8,wls WAL,FW,Sheffield Utd,27,1992,2,0,7,0.1,0,0,0,0,0,0,0,0.00,0.00,0.00,0.00,0.00,0.0,0.0,0.0,0.0
155,Luke Freeman\636b64cd,eng ENG,MF,Sheffield Utd,27,1992,11,3,366,4.1,0,0,0,0,0,2,0,0.00,0.00,0.00,0.00,0.00,0.1,0.1,0.3,0.4
156,Christian Fuchs\a67a09fb,at AUT,DF,Leicester City,33,1986,11,8,772,8.6,0,0,0,0,0,0,0,0.00,0.00,0.00,0.00,0.00,0.2,0.2,0.1,0.2
157,Eric García\2bed3eab,es ESP,DF,Manchester City,18,2001,13,8,793,8.8,0,0,0,0,0,1,0,0.00,0.00,0.00,0.00,0.00,0.5,0.5,0.1,0.7
158,James Garner\4e015693,eng ENG,MF,Manchester Utd,18,2001,1,0,9,0.1,0,0,0,0,0,0,0,0.00,0.00,0.00,0.00,0.00,0.0,0.0,0.0,0.0
159,Dwight Gayle\e58a03c6,eng ENG,FW,Newcastle Utd,28,1990,20,10,850,9.4,4,2,4,0,0,2,0,0.42,0.21,0.64,0.42,0.64,4.4,4.4,0.8,5.3
160,Paulo Gazzaniga\63d17038,ar ARG,GK,Tottenham,27,1992,18,17,1613,17.9,0,0,0,0,0,1,0,0.00,0.00,0.00,0.00,0.00,0.0,0.0,0.4,0.4
161,Jean-Philippe Gbamin\6bd603db,ci CIV,MF,Everton,23,1995,2,1,136,1.5,0,0,0,0,0,0,0,0.00,0.00,0.00,0.00,0.00,0.0,0.0,0.0,0.0
162,David de Gea\7ba6d84e,es ESP,GK,Manchester Utd,28,1990,38,38,3420,38.0,0,0,0,0,0,2,0,0.00,0.00,0.00,0.00,0.00,0.0,0.0,0.0,0.0
163,Anwar El Ghazi\ffa90327,nl NED,FWMF,Aston Villa,24,1995,34,26,2051,22.8,4,4,3,1,1,3,0,0.18,0.18,0.35,0.13,0.31,6.0,5.2,2.8,8.0
164,Morgan Gibbs-White\32f60ed8,eng ENG,MFFW,Wolves,19,2000,7,1,129,1.4,0,0,0,0,0,0,0,0.00,0.00,0.00,0.00,0.00,0.1,0.1,0.1,0.2
165,Billy Gilmour\df10e27c,sct SCO,MF,Chelsea,18,2001,6,2,194,2.2,0,0,0,0,0,0,0,0.00,0.00,0.00,0.00,0.00,0.0,0.0,0.1,0.2
166,Olivier Giroud\16ceb862,fr FRA,FW,Chelsea,32,1986,18,12,993,11.0,8,0,8,0,0,1,0,0.73,0.00,0.73,0.73,0.73,6.7,6.7,1.2,7.8
167,Ben Godfrey\9f7c837d,eng ENG,DF,Norwich City,21,1998,30,30,2644,29.4,0,0,0,0,0,3,1,0.00,0.00,0.00,0.00,0.00,0.8,0.8,0.1,0.9
168,André Gomes\1961b2aa,pt POR,MF,Everton,26,1993,19,17,1458,16.2,0,1,0,0,0,6,0,0.00,0.06,0.06,0.00,0.06,0.2,0.2,0.9,1.1
169,Angel Gomes\645a3363,eng ENG,MF,Manchester Utd,18,2000,2,0,21,0.2,0,0,0,0,0,0,0,0.00,0.00,0.00,0.00,0.00,0.0,0.0,0.1,0.1
170,Joe Gomez\7a11550b,eng ENG,DF,Liverpool,22,1997,28,22,2004,22.3,0,0,0,0,0,7,0,0.00,0.00,0.00,0.00,0.00,0.0,0.0,0.2,0.2
171,Anthony Gordon\2bd83368,eng ENG,MFFW,Everton,18,2001,11,4,440,4.9,0,1,0,0,0,0,0,0.00,0.20,0.20,0.00,0.20,0.2,0.2,0.4,0.6
172,Dan Gosling\7fec31a0,eng ENG,MF,Bournemouth,29,1990,24,14,1264,14.0,3,1,3,0,0,3,0,0.21,0.07,0.28,0.21,0.28,2.1,2.1,1.0,3.2
173,Andre Gray\c24dba2a,jm JAM,FW,Watford,28,1991,23,7,755,8.4,2,0,2,0,0,1,0,0.24,0.00,0.24,0.24,0.24,2.8,2.8,1.4,4.2
174,Demarai Gray\4468ec10,eng ENG,MFFW,Leicester City,23,1996,21,3,622,6.9,2,3,2,0,1,1,0,0.29,0.43,0.72,0.29,0.72,2.5,1.7,1.7,3.4
175,Jack Grealish\b0b4fd3e,eng ENG,FWMF,Aston Villa,23,1995,36,36,3233,35.9,8,6,8,0,1,8,0,0.22,0.17,0.39,0.22,0.39,6.5,5.7,7.0,12.7
176,Mason Greenwood\58eee997,eng ENG,FW,Manchester Utd,17,2001,31,12,1320,14.7,10,1,10,0,0,0,0,0.68,0.07,0.75,0.68,0.75,3.6,3.6,0.7,4.4
177,Arnaut Groeneveld\f08490a6,nl NED,MF,Bournemouth,22,1997,14,6,630,7.0,0,0,0,0,0,0,0,0.00,0.00,0.00,0.00,0.00,1.0,1.0,0.2,1.2
178,Pascal Groß\8aec0537,de GER,FWMF,Brighton,28,1991,29,22,1796,20.0,2,4,2,0,0,4,0,0.10,0.20,0.30,0.10,0.30,1.9,1.9,5.2,7.1
179,Vicente Guaita\ab13a5aa,es ESP,GK,Crystal Palace,32,1987,35,35,3150,35.0,0,0,0,0,0,1,0,0.00,0.00,0.00,0.00,0.00,0.0,0.0,0.0,0.0
180,Mattéo Guendouzi\5ea8ef20,fr FRA,MF,Arsenal,20,1999,24,19,1748,19.4,0,1,0,0,0,6,0,0.00,0.05,0.05,0.00,0.05,0.6,0.6,1.2,1.9
181,Frederic Guilbert\5d8d7454,fr FRA,DF,Aston Villa,24,1994,25,22,2041,22.7,0,2,0,0,0,7,0,0.00,0.09,0.09,0.00,0.09,0.4,0.4,1.5,1.8
182,İlkay Gündoğan\819b3158,de GER,MF,Manchester City,28,1990,31,21,2020,22.4,2,1,1,1,2,7,0,0.09,0.04,0.13,0.04,0.09,4.4,2.9,2.7,5.6
183,Angus Gunn\e082af5b,eng ENG,GK,Southampton,23,1996,10,10,900,10.0,0,0,0,0,0,0,0,0.00,0.00,0.00,0.00,0.00,0.0,0.0,0.0,0.0
184,Sébastien Haller\ba115a40,ci CIV,FW,West Ham,25,1994,32,24,2266,25.2,7,1,7,0,0,1,0,0.28,0.04,0.32,0.28,0.32,7.7,7.7,1.9,9.7
185,Grant Hanley\e9254eec,sct SCO,DF,Norwich City,27,1991,15,14,1262,14.0,0,0,0,0,0,4,0,0.00,0.00,0.00,0.00,0.00,0.5,0.5,0.0,0.5
186,Kortney Hause\bf8fad51,eng ENG,DF,Aston Villa,24,1995,18,17,1545,17.2,1,0,1,0,0,3,0,0.06,0.00,0.06,0.06,0.06,2.1,2.1,0.2,2.3
187,Isaac Hayden\c951a6df,eng ENG,MF,Newcastle Utd,24,1995,29,26,2223,24.7,1,2,1,0,0,4,1,0.04,0.08,0.12,0.04,0.12,1.2,1.2,1.6,2.8
188,Tom Heaton\a6de6361,eng ENG,GK,Aston Villa,33,1986,20,20,1794,19.9,0,0,0,0,0,0,0,0.00,0.00,0.00,0.00,0.00,0.0,0.0,0.0,0.0
189,Dean Henderson\e5a76dfe,eng ENG,GK,Sheffield Utd,22,1997,36,36,3240,36.0,0,0,0,0,0,2,0,0.00,0.00,0.00,0.00,0.00,0.1,0.1,0.0,0.1
190,Jordan Henderson\935e6b8f,eng ENG,MF,Liverpool,29,1990,30,26,2238,24.9,4,5,4,0,0,2,0,0.16,0.20,0.36,0.16,0.36,1.4,1.4,2.8,4.2
191,Jeff Hendrick\989d5705,ie IRL,MF,Burnley,27,1992,24,22,1931,21.5,2,2,2,0,0,8,0,0.09,0.09,0.19,0.09,0.19,1.5,1.5,0.7,2.3
192,Wayne Hennessey\76eca7e2,wls WAL,GK,Crystal Palace,32,1987,3,3,270,3.0,0,0,0,0,0,0,0,0.00,0.00,0.00,0.00,0.00,0.0,0.0,0.0,0.0
193,Javier Hernández\189cee7b,mx MEX,FW,West Ham,31,1988,2,1,107,1.2,1,0,1,0,0,0,0,0.84,0.00,0.84,0.84,0.84,0.8,0.8,0.0,0.8
194,Onel Hernández\007b39a5,cu CUB,FWMF,Norwich City,26,1993,26,14,1384,15.4,1,2,1,0,0,0,0,0.07,0.13,0.20,0.07,0.20,2.5,2.5,0.9,3.4
195,Son Heung-min\92e7e919,kr KOR,FWMF,Tottenham,27,1992,30,28,2476,27.5,11,10,11,0,1,0,2,0.40,0.36,0.76,0.40,0.76,8.9,8.0,7.0,15.0
196,George Hirst\78e87179,eng ENG,FW,Leicester City,20,1999,2,0,11,0.1,0,0,0,0,0,0,0,0.00,0.00,0.00,0.00,0.00,0.1,0.1,0.0,0.1
197,Rob Holding\d79a8c87,eng ENG,DF,Arsenal,23,1995,8,6,581,6.5,0,0,0,0,0,1,0,0.00,0.00,0.00,0.00,0.00,0.1,0.1,0.0,0.1
198,José Holebas\12aa7661,gr GRE,DF,Watford,35,1984,14,11,1025,11.4,0,0,0,0,0,5,0,0.00,0.00,0.00,0.00,0.00,0.5,0.5,0.8,1.2
199,Mason Holgate\d0042ab9,eng ENG,DF,Everton,22,1996,27,24,2054,22.8,0,3,0,0,0,5,0,0.00,0.13,0.13,0.00,0.13,2.2,2.2,0.5,2.7
200,Nathan Holland\45ab2170,eng ENG,MF,West Ham,21,1998,2,0,33,0.4,0,0,0,0,0,0,0,0.00,0.00,0.00,0.00,0.00,0.0,0.0,0.0,0.0
201,Conor Hourihane\fcab00a0,ie IRL,MF,Aston Villa,28,1991,27,18,1534,17.0,3,5,3,0,0,4,0,0.18,0.29,0.47,0.18,0.47,1.6,1.6,5.1,6.7
202,Callum Hudson-Odoi\15f3ec41,eng ENG,FW,Chelsea,18,2000,22,7,863,9.6,1,5,1,0,0,1,0,0.10,0.52,0.63,0.10,0.63,1.7,1.7,2.7,4.3
203,Will Hughes\a0666d3e,eng ENG,MFFW,Watford,24,1995,30,27,2252,25.0,1,1,1,0,0,9,0,0.04,0.04,0.08,0.04,0.08,2.5,2.5,1.2,3.8
204,Pierre Højbjerg\8b04d6c1,dk DEN,MF,Southampton,23,1995,33,30,2752,30.6,0,1,0,0,0,5,0,0.00,0.03,0.03,0.00,0.03,2.6,2.6,2.1,4.7
205,Jordon Ibe\9f736ed2,eng ENG,DF,Bournemouth,23,1995,2,0,50,0.6,0,0,0,0,0,0,0,0.00,0.00,0.00,0.00,0.00,0.0,0.0,0.0,0.0
206,Adam Idah\291e3ec3,ie IRL,FWMF,Norwich City,18,2001,12,1,228,2.5,0,0,0,0,0,0,0,0.00,0.00,0.00,0.00,0.00,1.0,1.0,0.1,1.1
207,Odion Ighalo\03622183,ng NGA,FW,Manchester Utd,30,1989,11,0,101,1.1,0,0,0,0,0,0,0,0.00,0.00,0.00,0.00,0.00,1.5,1.5,0.1,1.7
208,Kelechi Iheanacho\c92e1a31,ng NGA,FWMF,Leicester City,22,1996,20,12,960,10.7,5,3,5,0,0,1,0,0.47,0.28,0.75,0.47,0.75,4.8,4.8,2.4,7.2
209,Danny Ings\07802f7f,eng ENG,FW,Southampton,27,1992,38,32,2804,31.2,22,2,21,1,2,3,0,0.71,0.06,0.77,0.67,0.74,16.7,15.2,2.7,17.9
210,Alex Iwobi\6ca5ec4b,ng NGA,MFFW,Everton,23,1996,25,19,1596,17.7,1,0,1,0,0,0,0,0.06,0.00,0.06,0.06,0.06,2.4,2.4,2.3,4.6
211,Phil Jagielka\3233eefd,eng ENG,DF,Sheffield Utd,36,1982,6,2,244,2.7,0,0,0,0,0,0,0,0.00,0.00,0.00,0.00,0.00,0.0,0.0,0.0,0.0
212,Alireza Jahanbakhsh\08452314,ir IRN,FWMF,Brighton,25,1993,10,3,311,3.5,2,0,2,0,0,0,0,0.58,0.00,0.58,0.58,0.58,0.5,0.5,0.0,0.6
213,Daniel James\c931d9f9,wls WAL,FW,Manchester Utd,21,1997,33,26,2287,25.4,3,6,3,0,0,4,0,0.12,0.24,0.35,0.12,0.35,3.6,3.6,4.0,7.6
214,Matty James\ebd0a048,eng ENG,MF,Leicester City,28,1991,1,0,6,0.1,0,0,0,0,0,0,0,0.00,0.00,0.00,0.00,0.00,0.0,0.0,0.0,0.0
215,Reece James\1265a93a,eng ENG,DF,Chelsea,19,1999,24,16,1515,16.8,0,2,0,0,0,1,0,0.00,0.12,0.12,0.00,0.12,0.7,0.7,3.2,4.0
216,Daryl Janmaat\45da6694,nl NED,DF,Watford,30,1989,8,7,607,6.7,0,1,0,0,0,1,0,0.00,0.15,0.15,0.00,0.15,0.3,0.3,0.4,0.7
217,Gabriel Jesus\b66315ae,br BRA,FW,Manchester City,22,1997,34,21,2030,22.6,14,7,14,0,1,3,0,0.62,0.31,0.93,0.62,0.93,18.5,17.7,3.8,21.5
218,Raúl Jiménez\b561db50,mx MEX,FW,Wolves,28,1991,38,37,3236,36.0,17,6,13,4,4,3,0,0.47,0.17,0.64,0.36,0.53,14.7,11.7,5.6,17.2
219,Joelinton\c17bfb65,br BRA,FW,Newcastle Utd,22,1996,38,32,2683,29.8,2,2,2,0,0,7,0,0.07,0.07,0.13,0.07,0.13,4.8,4.8,2.4,7.2
220,Ben Johnson\9319781b,eng ENG,DF,West Ham,19,2000,3,3,270,3.0,0,0,0,0,0,0,0,0.00,0.00,0.00,0.00,0.00,0.0,0.0,0.2,0.2
221,Curtis Jones\4fb9c88f,eng ENG,MF,Liverpool,18,2001,6,1,126,1.4,1,0,1,0,0,0,0,0.71,0.00,0.71,0.71,0.71,0.9,0.9,0.0,0.9
222,Phil Jones\def899bd,eng ENG,DF,Manchester Utd,27,1992,2,2,135,1.5,0,0,0,0,0,0,0,0.00,0.00,0.00,0.00,0.00,0.2,0.2,0.0,0.2
223,Bruno Jordão\41ff002d,pt POR,FW,Wolves,20,1998,1,0,7,0.1,0,0,0,0,0,0,0,0.00,0.00,0.00,0.00,0.00,0.0,0.0,0.0,0.0
224,Jorginho\45db685d,it ITA,MF,Chelsea,27,1991,31,27,2379,26.4,4,2,1,3,3,10,0,0.15,0.08,0.23,0.04,0.11,3.4,1.1,2.3,3.5
225,Jota\9f351459,es ESP,FWMF,Aston Villa,28,1991,10,4,335,3.7,0,1,0,0,0,0,0,0.00,0.27,0.27,0.00,0.27,0.2,0.2,0.6,0.9
226,Diogo Jota\178ae8f8,pt POR,FWMF,Wolves,22,1996,34,27,2284,25.4,7,1,7,0,0,4,0,0.28,0.04,0.32,0.28,0.32,9.6,9.6,3.7,13.4
227,James Justin\fb614c44,eng ENG,DF,Leicester City,21,1998,13,11,1012,11.2,0,1,0,0,0,1,0,0.00,0.09,0.09,0.00,0.09,0.4,0.4,1.1,1.5
228,Christian Kabasele\914ab9a1,be BEL,DF,Watford,28,1991,27,26,2250,25.0,0,2,0,0,0,3,2,0.00,0.08,0.08,0.00,0.08,1.1,1.1,0.6,1.6
229,Harry Kane\21a66f6a,eng ENG,FW,Tottenham,26,1993,29,29,2587,28.7,18,2,16,2,2,4,0,0.63,0.07,0.70,0.56,0.63,10.5,9.0,2.3,11.3
230,N'Golo Kanté\b9fbae28,fr FRA,MF,Chelsea,28,1991,22,20,1732,19.2,3,0,3,0,0,4,0,0.16,0.00,0.16,0.16,0.16,1.6,1.6,2.1,3.7
231,Moise Kean\3d50bcdb,it ITA,FW,Everton,19,2000,29,6,852,9.5,2,2,2,0,0,1,0,0.21,0.21,0.42,0.21,0.42,4.1,4.1,1.0,5.2
232,Michael Keane\c5b7c315,eng ENG,DF,Everton,26,1993,31,28,2559,28.4,2,0,2,0,0,3,0,0.07,0.00,0.07,0.07,0.07,1.7,1.7,0.7,2.4
233,Naby Keïta\f25c8e3a,gn GUI,MF,Liverpool,24,1995,18,9,815,9.1,2,3,2,0,0,1,0,0.22,0.33,0.55,0.22,0.55,1.5,1.5,2.3,3.9
234,Lloyd Kelly\f31def1e,eng ENG,DF,Bournemouth,20,1998,8,7,639,7.1,0,0,0,0,0,2,0,0.00,0.00,0.00,0.00,0.00,0.0,0.0,0.2,0.2
235,Martin Kelly\d7492450,eng ENG,DF,Crystal Palace,29,1990,19,17,1549,17.2,0,1,0,0,0,0,0,0.00,0.06,0.06,0.00,0.06,0.1,0.1,0.9,1.0
236,Max Kilman\d0f72bf1,eng ENG,DF,Wolves,22,1997,3,2,185,2.1,0,0,0,0,0,0,0,0.00,0.00,0.00,0.00,0.00,0.0,0.0,0.0,0.0
237,Joshua King\43458538,no NOR,FWMF,Bournemouth,27,1992,26,24,2011,22.3,6,4,3,3,3,0,0,0.27,0.18,0.45,0.13,0.31,6.6,4.3,3.8,8.1
238,Timm Klose\5f1d07f6,ch SUI,DF,Norwich City,31,1988,7,7,585,6.5,0,0,0,0,0,0,0,0.00,0.00,0.00,0.00,0.00,0.4,0.4,0.0,0.4
239,Jonathan Kodjia\ecf44e09,ci CIV,FWMF,Aston Villa,29,1989,6,0,117,1.3,0,0,0,0,0,1,0,0.00,0.00,0.00,0.00,0.00,0.1,0.1,0.0,0.1
240,Sead Kolašinac\3935e52e,ba BIH,DF,Arsenal,26,1993,26,19,1701,18.9,0,2,0,0,0,4,0,0.00,0.11,0.11,0.00,0.11,0.7,0.7,1.0,1.7
241,Ezri Konsa\0313a347,eng ENG,DF,Aston Villa,21,1997,25,24,2039,22.7,1,2,1,0,0,3,0,0.04,0.09,0.13,0.04,0.13,1.6,1.6,0.5,2.1
242,Cheikhou Kouyaté\8d3c902d,sn SEN,MFDF,Crystal Palace,29,1989,35,29,2528,28.1,1,1,1,0,0,4,0,0.04,0.04,0.07,0.04,0.07,1.8,1.8,0.8,2.6
243,Mateo Kovačić\79c0821a,hr CRO,MF,Chelsea,25,1994,31,23,2073,23.0,1,3,1,0,0,8,0,0.04,0.13,0.17,0.04,0.17,1.4,1.4,1.9,3.3
244,Emil Krafth\77cf6852,se SWE,DF,Newcastle Utd,24,1994,17,11,1020,11.3,0,1,0,0,0,0,0,0.00,0.09,0.09,0.00,0.09,0.3,0.3,0.4,0.7
245,Tim Krul\f23f9d20,nl NED,GK,Norwich City,31,1988,36,36,3240,36.0,0,0,0,0,0,4,0,0.00,0.00,0.00,0.00,0.00,0.0,0.0,0.0,0.0
246,Alexandre Lacazette\9dbb75ca,fr FRA,FW,Arsenal,28,1991,30,22,1874,20.8,10,4,10,0,0,8,0,0.48,0.19,0.67,0.48,0.67,8.5,8.5,3.1,11.6
247,Adam Lallana\99813635,eng ENG,MFFW,Liverpool,31,1988,15,3,382,4.2,1,1,1,0,0,1,0,0.24,0.24,0.47,0.24,0.47,1.1,1.1,0.7,1.7
248,Érik Lamela\abe66106,ar ARG,MFFW,Tottenham,27,1992,25,12,1215,13.5,2,1,2,0,0,3,0,0.15,0.07,0.22,0.15,0.22,2.7,2.7,1.6,4.3
249,Tariq Lamptey\f4e433d4,eng ENG,DF,Brighton,18,2000,8,7,588,6.5,0,1,0,0,0,2,0,0.00,0.15,0.15,0.00,0.15,0.1,0.1,0.6,0.7
250,Tariq Lamptey\f4e433d4,eng ENG,DF,Chelsea,18,2000,1,0,32,0.4,0,0,0,0,0,0,0,0.00,0.00,0.00,0.00,0.00,0.0,0.0,0.1,0.1
251,Henri Lansbury\fe8e6fa1,eng ENG,MFFW,Aston Villa,28,1990,10,2,195,2.2,0,0,0,0,0,0,0,0.00,0.00,0.00,0.00,0.00,0.1,0.1,0.1,0.2
252,Manuel Lanzini\26f6dca8,ar ARG,MFFW,West Ham,26,1993,24,14,1379,15.3,0,2,0,0,0,1,0,0.00,0.13,0.13,0.00,0.13,2.0,2.0,2.5,4.5
253,Aymeric Laporte\119b9a8e,es ESP,DF,Manchester City,25,1994,15,14,1097,12.2,1,0,1,0,0,1,0,0.08,0.00,0.08,0.08,0.08,0.3,0.3,0.1,0.4
254,Jamaal Lascelles\450ab6fc,eng ENG,DF,Newcastle Utd,25,1993,24,24,2076,23.1,1,0,1,0,0,5,0,0.04,0.00,0.04,0.04,0.04,0.3,0.3,0.1,0.4
255,Valentino Lazaro\016ff750,at AUT,DFMF,Newcastle Utd,23,1996,13,4,480,5.3,1,0,1,0,0,0,1,0.19,0.00,0.19,0.19,0.19,0.5,0.5,0.2,0.7
256,Moritz Leitner\9460aaed,de GER,MF,Norwich City,26,1992,9,7,685,7.6,0,0,0,0,0,1,0,0.00,0.00,0.00,0.00,0.00,0.2,0.2,0.3,0.5
257,Florian Lejeune\6eaed4eb,fr FRA,DF,Newcastle Utd,28,1991,6,4,442,4.9,2,0,2,0,0,0,0,0.41,0.00,0.41,0.41,0.41,0.6,0.6,0.1,0.6
258,Aaron Lennon\2ff964a0,eng ENG,MF,Burnley,32,1987,16,4,496,5.5,0,0,0,0,0,4,0,0.00,0.00,0.00,0.00,0.00,0.0,0.0,0.1,0.1
259,Bernd Leno\2628fd2b,de GER,GK,Arsenal,27,1992,30,30,2649,29.4,0,0,0,0,0,2,0,0.00,0.00,0.00,0.00,0.00,0.0,0.0,0.0,0.0
260,Jefferson Lerma\9b5ce51a,co COL,MF,Bournemouth,24,1994,33,31,2703,30.0,1,2,1,0,0,13,1,0.03,0.07,0.10,0.03,0.10,1.2,1.2,1.8,3.0
261,Jamal Lewis\efb9215a,nir NIR,DF,Norwich City,21,1998,28,25,2304,25.6,1,0,1,0,0,4,0,0.04,0.00,0.04,0.04,0.04,0.4,0.4,1.0,1.3
262,Victor Lindelöf\f5deef4c,se SWE,DF,Manchester Utd,25,1994,35,35,3092,34.4,1,0,1,0,0,6,0,0.03,0.00,0.03,0.03,0.03,0.4,0.4,0.3,0.7
263,Jesse Lingard\810e3c74,eng ENG,MFFW,Manchester Utd,26,1992,22,9,935,10.4,1,0,1,0,0,3,0,0.10,0.00,0.10,0.10,0.10,2.7,2.7,0.9,3.6
264,Hugo Lloris\8f62b6ee,fr FRA,GK,Tottenham,32,1986,21,21,1807,20.1,0,0,0,0,0,0,0,0.00,0.00,0.00,0.00,0.00,0.0,0.0,0.0,0.0
265,Giovani Lo Celso\d7553721,ar ARG,MFFW,Tottenham,23,1996,28,15,1492,16.6,0,2,0,0,0,6,0,0.00,0.12,0.12,0.00,0.12,1.2,1.2,2.1,3.3
266,Jürgen Locadia\6cc47ae1,nl NED,MFFW,Brighton,25,1993,2,1,86,1.0,0,0,0,0,0,0,0,0.00,0.00,0.00,0.00,0.00,0.3,0.3,0.0,0.3
267,Ruben Loftus-Cheek\e97fd090,eng ENG,MFFW,Chelsea,23,1996,7,2,208,2.3,0,1,0,0,0,0,0,0.00,0.43,0.43,0.00,0.43,0.5,0.5,0.3,0.8
268,Kevin Long\5a4280b1,ie IRL,DF,Burnley,28,1990,8,6,564,6.3,0,0,0,0,0,0,0,0.00,0.00,0.00,0.00,0.00,0.2,0.2,0.0,0.2
269,Shane Long\9f472354,ie IRL,FW,Southampton,32,1987,26,15,1395,15.5,2,2,2,0,0,0,0,0.13,0.13,0.26,0.13,0.26,4.8,4.8,1.4,6.2
270,Matthew Longstaff\c0027d2d,eng ENG,MF,Newcastle Utd,19,2000,9,6,575,6.4,2,0,2,0,0,1,0,0.31,0.00,0.31,0.31,0.31,0.4,0.4,0.2,0.6
271,Sean Longstaff\a2b105e0,eng ENG,MF,Newcastle Utd,21,1997,23,14,1378,15.3,1,1,1,0,0,2,1,0.07,0.07,0.13,0.07,0.13,0.9,0.9,1.0,1.9
272,Dejan Lovren\1a2935f6,hr CRO,DF,Liverpool,30,1989,10,9,777,8.6,0,1,0,0,0,1,0,0.00,0.12,0.12,0.00,0.12,0.3,0.3,0.4,0.6
273,Matthew Lowton\9a9c05db,eng ENG,DF,Burnley,30,1989,17,17,1530,17.0,0,1,0,0,0,2,0,0.00,0.06,0.06,0.00,0.06,0.0,0.0,1.0,1.0
274,David Luiz\c0e27d1a,br BRA,DF,Arsenal,32,1987,33,32,2809,31.2,2,1,2,0,0,5,2,0.06,0.03,0.10,0.06,0.10,1.9,1.9,0.9,2.8
275,Douglas Luiz\6f7d826d,br BRA,MF,Aston Villa,21,1998,36,28,2612,29.0,3,2,3,0,0,8,0,0.10,0.07,0.17,0.10,0.17,2.3,2.3,1.4,3.7
276,John Lundstram\0df2b165,eng ENG,MF,Sheffield Utd,25,1994,34,26,2458,27.3,5,3,5,0,0,5,0,0.18,0.11,0.29,0.18,0.29,5.2,5.2,2.3,7.5
277,Alexis Mac Allister\83d074ff,ar ARG,MFFW,Brighton,20,1998,9,4,352,3.9,0,0,0,0,0,0,0,0.00,0.00,0.00,0.00,0.00,0.4,0.4,0.3,0.6
278,James Maddison\ee38d9c5,eng ENG,MF,Leicester City,22,1996,31,29,2624,29.2,6,3,6,0,0,4,0,0.21,0.10,0.31,0.21,0.31,4.9,4.9,7.4,12.3
279,Harry Maguire\d8931174,eng ENG,DF,Manchester Utd,26,1993,38,38,3420,38.0,1,1,1,0,0,6,0,0.03,0.03,0.05,0.03,0.05,2.0,2.0,0.6,2.6
280,Riyad Mahrez\892d5bb1,dz ALG,FWMF,Manchester City,28,1991,33,21,1944,21.6,11,9,10,1,1,0,0,0.51,0.42,0.93,0.46,0.88,7.2,6.4,8.8,15.2
281,Ainsley Maitland-Niles\e3a5814e,eng ENG,DF,Arsenal,21,1997,20,15,1386,15.4,0,2,0,0,0,6,1,0.00,0.13,0.13,0.00,0.13,0.3,0.3,1.5,1.8
282,Sadio Mané\c691bfe2,sn SEN,FW,Liverpool,27,1992,35,31,2747,30.5,18,7,18,0,0,3,0,0.59,0.23,0.82,0.59,0.82,13.8,13.8,7.3,21.0
283,Javier Manquillo\758dd7f0,es ESP,DF,Newcastle Utd,25,1994,21,18,1599,17.8,0,1,0,0,0,5,0,0.00,0.06,0.06,0.00,0.06,0.1,0.1,0.4,0.4
284,Solly March\bb5fbd2b,eng ENG,DFFW,Brighton,25,1994,19,11,1143,12.7,0,1,0,0,0,2,0,0.00,0.08,0.08,0.00,0.08,1.4,1.4,0.8,2.1
285,Pablo Marí\aa54ec6f,es ESP,DF,Arsenal,25,1993,2,2,113,1.3,0,0,0,0,0,0,0,0.00,0.00,0.00,0.00,0.00,0.0,0.0,0.0,0.0
286,Adrian Mariappa\8aa5f52c,jm JAM,DF,Watford,32,1986,20,15,1513,16.8,0,0,0,0,0,6,1,0.00,0.00,0.00,0.00,0.00,0.3,0.3,0.4,0.6
287,Anthony Martial\8b788c01,fr FRA,FW,Manchester Utd,23,1995,32,31,2624,29.2,17,6,17,0,1,1,0,0.58,0.21,0.79,0.58,0.79,10.9,10.1,4.1,14.2
288,David Martin\07666c20,eng ENG,GK,West Ham,33,1986,5,4,436,4.8,0,0,0,0,0,1,0,0.00,0.00,0.00,0.00,0.00,0.0,0.0,0.0,0.0
289,Josh Martin\3f072a68,eng ENG,FWMF,Norwich City,17,2001,5,0,37,0.4,0,0,0,0,0,0,0,0.00,0.00,0.00,0.00,0.00,0.3,0.3,0.0,0.3
290,Martinelli\48a5a5d6,br BRA,FW,Arsenal,18,2001,14,6,663,7.4,3,0,3,0,0,1,0,0.41,0.00,0.41,0.41,0.41,2.3,2.3,0.3,2.5
291,Emiliano Martínez\7956236f,ar ARG,GK,Arsenal,26,1992,9,8,771,8.6,0,0,0,0,0,2,0,0.00,0.00,0.00,0.00,0.00,0.0,0.0,0.0,0.0
292,Adam Masina\de0f152c,ma MAR,DF,Watford,25,1994,26,20,1821,20.2,1,0,1,0,0,3,0,0.05,0.00,0.05,0.05,0.05,0.7,0.7,0.6,1.3
293,Arthur Masuaku\57df7a11,cd COD,DF,West Ham,25,1993,17,10,937,10.4,0,1,0,0,0,6,1,0.00,0.10,0.10,0.00,0.10,0.1,0.1,1.0,1.1
294,Juan Mata\29733c72,es ESP,MFFW,Manchester Utd,31,1988,19,8,758,8.4,0,2,0,0,0,1,0,0.00,0.24,0.24,0.00,0.24,1.1,1.1,2.0,3.1
295,Nemanja Matić\eb7822d7,rs SRB,MF,Manchester Utd,30,1988,21,18,1581,17.6,0,2,0,0,0,3,0,0.00,0.11,0.11,0.00,0.11,0.2,0.2,1.2,1.5
296,Joël Matip\b217ef29,cm CMR,DF,Liverpool,27,1991,9,8,703,7.8,1,0,1,0,0,0,0,0.13,0.00,0.13,0.13,0.13,0.3,0.3,0.0,0.3
297,Neal Maupay\4bcf39f6,fr FRA,FW,Brighton,22,1996,37,30,2766,30.7,10,3,9,1,2,3,0,0.33,0.10,0.42,0.29,0.39,11.6,10.1,2.4,12.5
298,James McArthur\cee31595,sct SCO,MF,Crystal Palace,31,1987,37,37,3090,34.3,0,3,0,0,0,6,0,0.00,0.09,0.09,0.00,0.09,2.5,2.5,2.6,5.0
299,Oliver McBurnie\78b8ac63,sct SCO,FW,Sheffield Utd,23,1996,36,24,2113,23.5,6,0,6,0,0,4,0,0.26,0.00,0.26,0.26,0.26,7.7,7.7,1.5,9.2
300,Alex McCarthy\36c2ca73,eng ENG,GK,Southampton,29,1989,28,28,2520,28.0,0,0,0,0,0,0,0,0.00,0.00,0.00,0.00,0.00,0.0,0.0,0.0,0.0
301,James McCarthy\64b08de7,ie IRL,MF,Crystal Palace,28,1990,33,16,1680,18.7,0,0,0,0,0,9,0,0.00,0.00,0.00,0.00,0.00,0.4,0.4,0.8,1.3
302,John McGinn\90f91999,sct SCO,MF,Aston Villa,24,1994,28,27,2312,25.7,3,3,3,0,0,3,0,0.12,0.12,0.23,0.12,0.23,3.8,3.8,2.4,6.2
303,David McGoldrick\dbe56a33,ie IRL,FW,Sheffield Utd,31,1987,28,22,1815,20.2,2,2,2,0,0,2,0,0.10,0.10,0.20,0.10,0.20,6.8,6.8,2.1,8.9
304,Michael McGovern\51a19d04,nir NIR,GK,Norwich City,35,1984,2,1,159,1.8,0,0,0,0,0,0,0,0.00,0.00,0.00,0.00,0.00,0.0,0.0,0.0,0.0
305,Kenny McLean\471f16b3,sct SCO,MF,Norwich City,27,1992,37,32,2968,33.0,1,1,1,0,0,5,0,0.03,0.03,0.06,0.03,0.06,1.5,1.5,2.2,3.7
306,Dwight McNeil\fc15fb84,eng ENG,MF,Burnley,19,1999,38,38,3338,37.1,2,6,2,0,0,5,0,0.05,0.16,0.22,0.05,0.22,2.1,2.1,6.6,8.7
307,Scott McTominay\d93c2511,sct SCO,MF,Manchester Utd,22,1996,27,20,1772,19.7,4,1,4,0,0,2,0,0.20,0.05,0.25,0.20,0.25,1.5,1.5,0.7,2.2
308,Ben Mee\8df7a2fb,eng ENG,DF,Burnley,29,1989,32,32,2880,32.0,1,1,1,0,0,7,0,0.03,0.03,0.06,0.03,0.06,1.7,1.7,0.7,2.5
309,Benjamin Mendy\5271c8f1,fr FRA,DF,Manchester City,25,1994,19,18,1492,16.6,0,2,0,0,0,3,0,0.00,0.12,0.12,0.00,0.12,0.3,0.3,1.3,1.7
310,Nampalys Mendy\1598599e,sn SEN,MF,Leicester City,27,1992,7,4,291,3.2,0,0,0,0,0,0,0,0.00,0.00,0.00,0.00,0.00,0.0,0.0,0.1,0.1
311,Chris Mepham\fed96827,wls WAL,DF,Bournemouth,21,1997,12,10,912,10.1,1,0,1,0,0,1,0,0.10,0.00,0.10,0.10,0.10,0.7,0.7,0.1,0.7
312,Max Meyer\eba42d2b,de GER,MFFW,Crystal Palace,23,1995,17,6,655,7.3,0,0,0,0,0,1,0,0.00,0.00,0.00,0.00,0.00,0.6,0.6,0.7,1.3
313,Luka Milivojević\2ce2508a,rs SRB,MF,Crystal Palace,28,1991,31,28,2513,27.9,3,1,1,2,2,12,0,0.11,0.04,0.14,0.04,0.07,2.5,1.0,1.8,2.8
314,James Milner\2f90f6b8,eng ENG,MFDF,Liverpool,33,1986,22,9,937,10.4,2,2,0,2,2,4,0,0.19,0.19,0.38,0.00,0.19,2.1,0.6,0.7,1.3
315,Yerry Mina\6d5701f2,co COL,DF,Everton,24,1994,29,25,2284,25.4,2,1,2,0,0,3,0,0.08,0.04,0.12,0.08,0.12,2.5,2.5,0.2,2.7
316,Takumi Minamino\f833a830,jp JPN,FWMF,Liverpool,24,1995,10,2,249,2.8,0,0,0,0,0,0,0,0.00,0.00,0.00,0.00,0.00,1.4,1.4,0.0,1.5
317,Tyrone Mings\8397a50c,eng ENG,DF,Aston Villa,26,1993,33,33,2902,32.2,2,2,2,0,0,7,0,0.06,0.06,0.12,0.06,0.12,1.1,1.1,0.7,1.7
318,Tyrick Mitchell\5cbd1eb0,eng ENG,DF,Crystal Palace,19,1999,4,2,195,2.2,0,0,0,0,0,1,0,0.00,0.00,0.00,0.00,0.00,0.0,0.0,0.2,0.2
319,Henrikh Mkhitaryan\dd0daf32,am ARM,FW,Arsenal,30,1989,3,1,112,1.2,0,0,0,0,0,1,0,0.00,0.00,0.00,0.00,0.00,0.3,0.3,0.2,0.5
320,Nacho Monreal\d4cb83cc,es ESP,DF,Arsenal,33,1986,3,3,270,3.0,0,0,0,0,0,0,0,0.00,0.00,0.00,0.00,0.00,0.1,0.1,0.3,0.4
321,Martín Montoya\5cec2487,es ESP,DF,Brighton,28,1991,27,23,1896,21.1,0,1,0,0,0,5,0,0.00,0.05,0.05,0.00,0.05,1.3,1.3,1.4,2.7
322,Simon Moore\e7434f04,eng ENG,GK,Sheffield Utd,29,1990,2,2,180,2.0,0,0,0,0,0,0,0,0.00,0.00,0.00,0.00,0.00,0.0,0.0,0.0,0.0
323,Aaron Mooy\47b7e3af,au AUS,MFFW,Brighton,28,1990,31,25,2085,23.2,2,2,2,0,0,3,1,0.09,0.09,0.17,0.09,0.17,2.0,2.0,3.4,5.4
324,Wesley Moraes\bfae110f,br BRA,FW,Aston Villa,22,1996,21,21,1782,19.8,5,1,5,0,1,3,0,0.25,0.05,0.30,0.25,0.30,5.0,4.2,0.8,5.0
325,Wes Morgan\80c31c97,jm JAM,DF,Leicester City,35,1984,11,4,436,4.8,0,0,0,0,0,0,0,0.00,0.00,0.00,0.00,0.00,0.1,0.1,0.0,0.1
326,Ravel Morrison\bf59c794,jm JAM,MF,Sheffield Utd,26,1993,1,0,13,0.1,0,0,0,0,0,0,0,0.00,0.00,0.00,0.00,0.00,0.0,0.0,0.0,0.0
327,Mason Mount\9674002f,eng ENG,MFFW,Chelsea,20,1999,37,32,2867,31.9,7,5,7,0,0,3,0,0.22,0.16,0.38,0.22,0.38,7.2,7.2,4.6,11.8
328,Lucas Moura\2b622f01,br BRA,FWMF,Tottenham,26,1992,35,25,2242,24.9,4,4,4,0,0,3,0,0.16,0.16,0.32,0.16,0.32,5.9,5.9,2.4,8.3
329,Lys Mousset\d9cfca3d,fr FRA,FW,Sheffield Utd,23,1996,30,11,1240,13.8,6,4,6,0,0,1,0,0.44,0.29,0.73,0.44,0.73,4.9,4.9,2.5,7.5
330,João Moutinho\f5a00fa4,pt POR,MF,Wolves,32,1986,38,34,3108,34.5,1,6,1,0,0,7,0,0.03,0.17,0.20,0.03,0.20,0.8,0.8,6.1,6.9
331,Glenn Murray\f2f29dda,eng ENG,FW,Brighton,35,1983,23,7,797,8.9,1,1,1,0,0,0,0,0.11,0.11,0.23,0.11,0.23,2.1,2.1,0.5,2.6
332,Shkodran Mustafi\3f2d59fe,de GER,DF,Arsenal,27,1992,15,13,1207,13.4,0,1,0,0,0,2,0,0.00,0.07,0.07,0.00,0.07,0.8,0.8,0.0,0.8
333,Yoshinori Mutō\5343eb4e,jp JPN,FWMF,Newcastle Utd,27,1992,8,2,212,2.4,0,0,0,0,0,0,0,0.00,0.00,0.00,0.00,0.00,0.1,0.1,0.1,0.2
334,Georges-Kévin N'Koudou\76c131da,fr FRA,FW,Tottenham,24,1995,1,0,3,0.0,0,0,0,0,0,0,0,0.00,0.00,0.00,0.00,0.00,0.0,0.0,0.0,0.0
335,Marvelous Nakamba\de5b5570,zw ZIM,MF,Aston Villa,25,1994,29,19,1836,20.4,0,0,0,0,0,5,0,0.00,0.00,0.00,0.00,0.00,0.2,0.2,0.4,0.6
336,Wilfred Ndidi\6b47c5db,ng NGA,MF,Leicester City,22,1996,32,29,2674,29.7,2,1,2,0,0,6,0,0.07,0.03,0.10,0.07,0.10,1.9,1.9,0.4,2.3
337,Tanguy Ndombele\5cdddffa,fr FRA,MF,Tottenham,22,1996,21,12,1009,11.2,2,2,2,0,0,3,0,0.18,0.18,0.36,0.18,0.36,0.4,0.4,1.2,1.7
338,Reiss Nelson\c5bdb6e3,eng ENG,FW,Arsenal,19,1999,17,7,631,7.0,1,0,1,0,0,1,0,0.14,0.00,0.14,0.14,0.14,0.9,0.9,0.7,1.6
339,Pedro Neto\7ba2eaa9,pt POR,FWMF,Wolves,19,2000,29,9,939,10.4,3,3,3,0,0,3,0,0.29,0.29,0.58,0.29,0.58,2.0,2.0,2.3,4.4
340,Rúben Neves\44bfb6c5,pt POR,MF,Wolves,22,1997,38,35,3056,34.0,2,2,2,0,0,9,0,0.06,0.06,0.12,0.06,0.12,1.6,1.6,2.0,3.6
341,Jeremy Ngakia\3631ad41,eng ENG,DF,West Ham,18,2000,5,5,440,4.9,0,0,0,0,0,0,0,0.00,0.00,0.00,0.00,0.00,0.0,0.0,0.0,0.0
342,Oumar Niasse\af721f98,sn SEN,FW,Everton,29,1990,3,0,22,0.2,0,0,0,0,0,0,0,0.00,0.00,0.00,0.00,0.00,0.0,0.0,0.0,0.0
343,Eddie Nketiah\a53649b7,eng ENG,FW,Arsenal,20,1999,13,7,633,7.0,2,0,2,0,0,0,1,0.28,0.00,0.28,0.28,0.28,3.1,3.1,0.6,3.8
344,Mark Noble\ff527768,eng ENG,MF,West Ham,32,1987,33,32,2674,29.7,4,3,1,3,3,5,0,0.13,0.10,0.24,0.03,0.13,2.8,0.5,2.9,3.4
345,Oliver Norwood\43439614,nir NIR,MF,Sheffield Utd,28,1991,38,37,3090,34.3,1,1,0,1,1,8,0,0.03,0.03,0.06,0.00,0.03,1.4,0.7,4.2,4.8
346,Ørjan Nyland\bdedffac,no NOR,GK,Aston Villa,28,1990,7,5,539,6.0,0,0,0,0,0,0,0,0.00,0.00,0.00,0.00,0.00,0.0,0.0,0.0,0.0
347,Jack O'Connell\312626c1,eng ENG,DF,Sheffield Utd,25,1994,33,32,2916,32.4,0,1,0,0,0,4,0,0.00,0.03,0.03,0.00,0.03,1.2,1.2,2.1,3.3
348,Michael Obafemi\caa1a7f0,ie IRL,FW,Southampton,19,2000,21,8,665,7.4,3,2,3,0,0,1,0,0.41,0.27,0.68,0.41,0.68,1.9,1.9,1.2,3.2
349,Angelo Ogbonna\74b2cd7e,it ITA,DF,West Ham,31,1988,31,31,2786,31.0,2,0,2,0,0,4,0,0.06,0.00,0.06,0.06,0.06,1.4,1.4,0.1,1.5
350,Divock Origi\43a166b4,be BEL,FW,Liverpool,24,1995,28,7,717,8.0,4,1,4,0,0,1,0,0.50,0.13,0.63,0.50,0.63,2.2,2.2,0.2,2.4
351,Ben Osborn\79bc4c45,eng ENG,MFDF,Sheffield Utd,24,1994,13,6,594,6.6,0,0,0,0,0,0,0,0.00,0.00,0.00,0.00,0.00,0.3,0.3,0.8,1.2
352,Nicolás Otamendi\0d267745,ar ARG,DF,Manchester City,31,1988,24,18,1715,19.1,2,0,2,0,0,3,0,0.10,0.00,0.10,0.10,0.10,2.4,2.4,0.2,2.5
353,Alex Oxlade-Chamberlain\38c7feef,eng ENG,MFFW,Liverpool,25,1993,30,17,1485,16.5,4,1,4,0,0,1,0,0.24,0.06,0.30,0.24,0.30,2.9,2.9,1.2,4.1
354,Mesut Özil\16380240,de GER,MF,Arsenal,30,1988,18,18,1438,16.0,1,2,1,0,0,1,0,0.06,0.13,0.19,0.06,0.19,1.3,1.3,2.2,3.5
355,Emerson Palmieri\e0bc6fdc,it ITA,DF,Chelsea,24,1994,15,13,1024,11.4,0,0,0,0,0,3,0,0.00,0.00,0.00,0.00,0.00,1.0,1.0,1.4,2.4
356,Sokratis Papastathopoulos\b682dcf6,gr GRE,DF,Arsenal,31,1988,19,19,1696,18.8,2,0,2,0,0,6,0,0.11,0.00,0.11,0.11,0.11,1.0,1.0,0.2,1.2
357,Troy Parrott\4357f557,ie IRL,MFDF,Tottenham,17,2002,2,0,7,0.1,0,0,0,0,0,0,0,0.00,0.00,0.00,0.00,0.00,0.0,0.0,0.0,0.0
358,Rui Patrício\79b0d6a0,pt POR,GK,Wolves,31,1988,38,38,3420,38.0,0,0,0,0,0,0,0,0.00,0.00,0.00,0.00,0.00,0.0,0.0,0.0,0.0
359,Pedro\3ca7254a,es ESP,FW,Chelsea,32,1987,11,8,661,7.3,1,1,1,0,0,1,0,0.14,0.14,0.27,0.14,0.27,2.8,2.8,0.8,3.6
360,João Pedro\e8832875,br BRA,FWMF,Watford,17,2001,3,0,25,0.3,0,0,0,0,0,0,0,0.00,0.00,0.00,0.00,0.00,0.1,0.1,0.2,0.2
361,Nicolas Pépé\57e3f0c7,ci CIV,FW,Arsenal,24,1995,31,22,2010,22.3,5,6,4,1,1,4,0,0.22,0.27,0.49,0.18,0.45,4.5,3.8,4.4,8.2
362,Andreas Pereira\6639e500,br BRA,MFFW,Manchester Utd,23,1996,25,18,1484,16.5,1,3,1,0,0,3,0,0.06,0.18,0.24,0.06,0.24,2.3,2.3,3.8,6.1
363,Ricardo Pereira\75a72a99,pt POR,DF,Leicester City,25,1993,28,28,2520,28.0,3,2,3,0,0,1,0,0.11,0.07,0.18,0.11,0.18,1.1,1.0,3.6,4.6
364,Roberto Pereyra\75f2c59f,ar ARG,FWMF,Watford,28,1991,28,17,1648,18.3,3,0,2,1,1,4,0,0.16,0.00,0.16,0.11,0.11,2.5,1.7,1.8,3.5
365,Ayoze Pérez\819aa8e7,es ESP,MFFW,Leicester City,26,1993,33,26,2004,22.3,8,4,7,1,1,0,0,0.36,0.18,0.54,0.31,0.49,5.7,4.9,4.0,8.9
366,Jordan Pickford\4806ec67,eng ENG,GK,Everton,25,1994,38,38,3420,38.0,0,0,0,0,0,2,0,0.00,0.00,0.00,0.00,0.00,0.0,0.0,0.1,0.1
367,Brandon Pierrick\9a526299,eng ENG,DFFW,Crystal Palace,17,2001,2,0,15,0.2,0,0,0,0,0,0,0,0.00,0.00,0.00,0.00,0.00,0.0,0.0,0.1,0.1
368,Erik Pieters\1ef37668,nl NED,DFMF,Burnley,30,1988,24,21,1878,20.9,0,4,0,0,0,2,0,0.00,0.19,0.19,0.00,0.19,0.6,0.6,2.8,3.4
369,Daniel Podence\7fcc71d8,pt POR,FWMF,Wolves,23,1995,9,3,289,3.2,1,0,1,0,0,0,0,0.31,0.00,0.31,0.31,0.31,1.6,1.6,0.4,2.0
370,Paul Pogba\867239d3,fr FRA,MF,Manchester Utd,26,1993,16,13,1204,13.4,1,3,1,0,1,1,0,0.07,0.22,0.30,0.07,0.30,2.0,1.2,2.7,3.9
371,Nick Pope\4b40d9ca,eng ENG,GK,Burnley,27,1992,38,38,3420,38.0,0,0,0,0,0,1,0,0.00,0.00,0.00,0.00,0.00,0.0,0.0,0.6,0.6
372,Dennis Praet\86695068,be BEL,MF,Leicester City,25,1994,27,12,1134,12.6,1,2,1,0,0,2,0,0.08,0.16,0.24,0.08,0.24,1.4,1.4,0.8,2.2
373,Sebastian Prödl\f5e6d08d,at AUT,DF,Watford,32,1987,1,1,56,0.6,0,0,0,0,0,0,0,0.00,0.00,0.00,0.00,0.00,0.1,0.1,0.0,0.1
374,Davy Pröpper\fdd85f94,nl NED,MF,Brighton,27,1991,35,32,2829,31.4,1,2,1,0,0,4,0,0.03,0.06,0.10,0.03,0.10,1.3,1.3,2.1,3.4
375,Teemu Pukki\0745b37d,fi FIN,FW,Norwich City,29,1990,36,33,2886,32.1,11,3,9,2,2,3,0,0.34,0.09,0.44,0.28,0.37,12.1,10.6,3.1,13.6
376,Christian Pulisic\1bf33a9a,us USA,FW,Chelsea,20,1998,25,19,1722,19.1,9,4,9,0,0,0,0,0.47,0.21,0.68,0.47,0.68,8.2,8.2,3.5,11.6
377,Ignacio Pussetto\62437b4f,ar ARG,FWDF,Watford,23,1995,7,0,74,0.8,0,0,0,0,0,1,0,0.00,0.00,0.00,0.00,0.00,0.0,0.0,0.0,0.0
378,Domingos Quina\41fb0f4e,pt POR,MF,Watford,19,1999,4,0,22,0.2,0,0,0,0,0,0,0,0.00,0.00,0.00,0.00,0.00,0.0,0.0,0.0,0.0
379,Aaron Ramsdale\466fb2c5,eng ENG,GK,Bournemouth,21,1998,37,37,3330,37.0,0,1,0,0,0,0,0,0.00,0.03,0.03,0.00,0.03,0.0,0.0,0.1,0.1
380,Darren Randolph\6385ebfb,ie IRL,GK,West Ham,32,1987,2,2,180,2.0,0,0,0,0,0,0,0,0.00,0.00,0.00,0.00,0.00,0.0,0.0,0.0,0.0
381,Marcus Rashford\a1d5bd30,eng ENG,FW,Manchester Utd,21,1997,31,31,2643,29.4,17,7,11,6,8,3,0,0.58,0.24,0.82,0.37,0.61,17.3,11.2,4.6,15.8
382,Nathan Redmond\ab651565,eng ENG,MFFW,Southampton,25,1994,32,32,2762,30.7,4,4,4,0,0,2,0,0.13,0.13,0.26,0.13,0.26,5.0,5.0,3.2,8.2
383,Pepe Reina\e358587b,es ESP,GK,Aston Villa,36,1982,12,12,1080,12.0,0,0,0,0,0,1,0,0.00,0.00,0.00,0.00,0.00,0.0,0.0,0.0,0.0
384,Declan Rice\1c7012b8,eng ENG,MF,West Ham,20,1999,38,38,3420,38.0,1,3,1,0,0,6,0,0.03,0.08,0.11,0.03,0.11,1.1,1.1,1.5,2.6
385,Richarlison\fa031b34,br BRA,FW,Everton,22,1997,36,36,3070,34.1,13,3,13,0,0,8,0,0.38,0.09,0.47,0.38,0.47,9.1,9.1,4.8,13.9
386,Diego Rico\d9ba39fc,es ESP,DF,Bournemouth,26,1993,27,27,2332,25.9,0,4,0,0,0,6,0,0.00,0.15,0.15,0.00,0.15,0.3,0.3,2.9,3.2
387,Jaïro Riedewald\7a1f2c08,nl NED,DFMF,Crystal Palace,22,1996,17,7,769,8.5,0,0,0,0,0,0,0,0.00,0.00,0.00,0.00,0.00,0.0,0.0,0.4,0.5
388,Matt Ritchie\71ef519e,sct SCO,DFMF,Newcastle Utd,29,1989,18,14,1315,14.6,2,1,2,0,1,4,0,0.14,0.07,0.21,0.14,0.21,1.6,0.8,2.3,3.1
389,Roberto\ba3ca78f,es ESP,GK,West Ham,33,1986,8,7,687,7.6,0,0,0,0,0,0,0,0.00,0.00,0.00,0.00,0.00,0.0,0.0,0.0,0.0
390,Patrick Roberts\59d93937,eng ENG,FWMF,Norwich City,22,1997,3,0,26,0.3,0,0,0,0,0,0,0,0.00,0.00,0.00,0.00,0.00,0.0,0.0,0.0,0.0
391,Andrew Robertson\2e4f5f03,sct SCO,DF,Liverpool,25,1994,36,34,3111,34.6,2,12,2,0,0,2,0,0.06,0.35,0.41,0.06,0.41,1.6,1.6,7.6,9.2
392,Callum Robinson\e75750a3,ie IRL,FWMF,Sheffield Utd,24,1995,16,9,676,7.5,1,1,1,0,0,1,0,0.13,0.13,0.27,0.13,0.27,2.1,2.1,0.6,2.7
393,Jack Robinson\7399c7a8,eng ENG,DF,Sheffield Utd,25,1993,6,6,504,5.6,0,0,0,0,0,0,0,0.00,0.00,0.00,0.00,0.00,0.0,0.0,0.2,0.2
394,Rodri\6434f10d,es ESP,MF,Manchester City,23,1996,35,29,2486,27.6,3,2,3,0,0,8,0,0.11,0.07,0.18,0.11,0.18,1.0,1.0,1.5,2.5
395,Jay Rodriguez\4ab53cdb,eng ENG,FW,Burnley,30,1989,36,20,2016,22.4,8,1,7,1,1,1,0,0.36,0.04,0.40,0.31,0.36,8.0,7.2,0.9,8.1
396,Jack Rodwell\a07579ee,eng ENG,MF,Sheffield Utd,28,1991,1,0,16,0.2,0,0,0,0,0,0,0,0.00,0.00,0.00,0.00,0.00,0.0,0.0,0.0,0.0
397,Marcos Rojo\e0991c04,ar ARG,DF,Manchester Utd,29,1990,3,1,122,1.4,0,0,0,0,0,1,0,0.00,0.00,0.00,0.00,0.00,0.1,0.1,0.0,0.1
398,Oriol Romeu\4b511457,es ESP,MF,Southampton,27,1991,30,20,1860,20.7,0,0,0,0,0,5,0,0.00,0.00,0.00,0.00,0.00,0.3,0.3,1.3,1.6
399,Danny Rose\89d10e53,eng ENG,DF,Tottenham,29,1990,12,10,893,9.9,0,0,0,0,0,5,0,0.00,0.00,0.00,0.00,0.00,0.2,0.2,0.7,0.9
400,Danny Rose\89d10e53,eng ENG,DF,Newcastle Utd,29,1990,11,10,863,9.6,0,0,0,0,0,2,0,0.00,0.00,0.00,0.00,0.00,0.0,0.0,0.2,0.2
401,Antonio Rüdiger\18b896d6,de GER,DF,Chelsea,26,1993,20,19,1710,19.0,2,0,2,0,0,3,0,0.11,0.00,0.11,0.11,0.11,0.6,0.6,0.3,0.9
402,Lukas Rupp\3faa1780,de GER,FWMF,Norwich City,28,1991,12,8,695,7.7,0,0,0,0,0,1,0,0.00,0.00,0.00,0.00,0.00,0.3,0.3,0.8,1.1
403,Mathew Ryan\4535e4bb,au AUS,GK,Brighton,27,1992,38,38,3420,38.0,0,0,0,0,0,0,0,0.00,0.00,0.00,0.00,0.00,0.0,0.0,0.0,0.0
404,Allan Saint-Maximin\2b16cb1a,fr FRA,MFFW,Newcastle Utd,22,1997,26,23,1863,20.7,3,4,3,0,0,0,0,0.14,0.19,0.34,0.14,0.34,3.2,3.2,3.5,6.7
405,Romain Saïss\9fbbcf39,ma MAR,DF,Wolves,29,1990,33,31,2705,30.1,2,1,2,0,0,12,1,0.07,0.03,0.10,0.07,0.10,2.7,2.7,0.5,3.2
406,Bukayo Saka\bc7dc64d,eng ENG,DFFW,Arsenal,17,2001,26,19,1753,19.5,1,5,1,0,0,6,0,0.05,0.26,0.31,0.05,0.31,1.3,1.3,3.5,4.9
407,Mamadou Sakho\87935cf3,fr FRA,DF,Crystal Palace,29,1990,14,11,931,10.3,0,0,0,0,0,1,1,0.00,0.00,0.00,0.00,0.00,0.0,0.0,0.1,0.1
408,Mohamed Salah\e342ad68,eg EGY,FW,Liverpool,27,1992,34,33,2876,32.0,19,10,16,3,3,1,0,0.59,0.31,0.91,0.50,0.81,19.4,17.2,7.3,24.4
409,Mbwana Samatta\dae8623e,tz TAN,FW,Aston Villa,26,1992,14,11,943,10.5,1,0,1,0,0,1,0,0.10,0.00,0.10,0.10,0.10,1.9,1.9,0.2,2.2
410,Carlos Sánchez\50b51fac,co COL,MFDF,West Ham,33,1986,6,1,117,1.3,0,0,0,0,0,0,0,0.00,0.00,0.00,0.00,0.00,0.0,0.0,0.0,0.0
411,Davinson Sánchez\da7b447d,co COL,DF,Tottenham,23,1996,29,27,2431,27.0,0,0,0,0,0,6,0,0.00,0.00,0.00,0.00,0.00,0.6,0.6,0.0,0.6
412,Leroy Sané\2b114be3,de GER,FW,Manchester City,23,1996,1,0,12,0.1,0,0,0,0,0,0,0,0.00,0.00,0.00,0.00,0.00,0.1,0.1,0.0,0.1
413,Ismaila Sarr\bfdb33aa,sn SEN,FWMF,Watford,21,1998,28,22,2028,22.5,5,4,5,0,0,1,0,0.22,0.18,0.40,0.22,0.40,5.7,5.7,3.2,8.9
414,Fabian Schär\c8aa95da,ch SUI,DFMF,Newcastle Utd,27,1991,22,18,1672,18.6,2,0,2,0,0,5,0,0.11,0.00,0.11,0.11,0.11,1.1,1.1,0.2,1.2
415,Ezequiel Schelotto\a6e316c1,it ITA,DF,Brighton,30,1989,8,4,361,4.0,0,0,0,0,0,2,0,0.00,0.00,0.00,0.00,0.00,0.3,0.3,0.0,0.3
416,Jeffrey Schlupp\3312f911,gh GHA,MF,Crystal Palace,26,1992,17,11,1036,11.5,3,1,3,0,0,2,0,0.26,0.09,0.35,0.26,0.35,1.7,1.7,1.1,2.8
417,Kasper Schmeichel\53af52f3,dk DEN,GK,Leicester City,32,1986,38,38,3420,38.0,0,0,0,0,0,2,0,0.00,0.00,0.00,0.00,0.00,0.0,0.0,0.5,0.5
418,Morgan Schneiderlin\51b41c5c,fr FRA,MF,Everton,29,1989,15,12,1001,11.1,0,0,0,0,0,6,1,0.00,0.00,0.00,0.00,0.00,0.3,0.3,0.2,0.5
419,Ryan Sessegnon\6aa3e78b,eng ENG,DF,Tottenham,19,2000,6,4,342,3.8,0,0,0,0,0,0,0,0.00,0.00,0.00,0.00,0.00,0.1,0.1,0.1,0.2
420,Xherdan Shaqiri\6421ec64,ch SUI,FWMF,Liverpool,27,1991,7,2,185,2.1,1,0,1,0,0,0,0,0.49,0.00,0.49,0.49,0.49,0.6,0.6,0.2,0.8
421,Billy Sharp\e8c9f4e9,eng ENG,FW,Sheffield Utd,33,1986,25,10,1051,11.7,3,2,3,0,0,1,1,0.26,0.17,0.43,0.26,0.43,2.7,2.7,2.7,5.4
422,Luke Shaw\9c94165b,eng ENG,DF,Manchester Utd,24,1995,24,20,1733,19.3,0,0,0,0,0,7,0,0.00,0.00,0.00,0.00,0.00,0.5,0.5,1.5,2.0
423,Jonjo Shelvey\3727dd3c,eng ENG,MF,Newcastle Utd,27,1992,26,25,2119,23.5,6,2,6,0,0,3,0,0.25,0.08,0.34,0.25,0.34,2.5,2.5,3.6,6.0
424,Djibril Sidibé\4c5b714f,fr FRA,DF,Everton,27,1992,25,18,1824,20.3,0,4,0,0,0,3,0,0.00,0.20,0.20,0.00,0.20,0.4,0.4,2.0,2.4
425,Gylfi Sigurðsson\76dd1480,is ISL,MF,Everton,29,1989,35,28,2560,28.4,2,3,1,1,1,3,0,0.07,0.11,0.18,0.04,0.14,4.2,3.4,4.1,7.5
426,Bernardo Silva\3eb22ec9,pt POR,FWMF,Manchester City,24,1994,34,23,2030,22.6,6,7,6,0,0,5,0,0.27,0.31,0.58,0.27,0.58,6.7,6.7,5.4,12.1
427,David Silva\e2716bd0,es ESP,MF,Manchester City,33,1986,27,22,1826,20.3,6,10,6,0,0,0,0,0.30,0.49,0.79,0.30,0.79,6.3,6.3,5.3,11.6
428,Jack Simpson\76fa5f80,eng ENG,DF,Bournemouth,22,1996,4,1,241,2.7,0,0,0,0,0,0,0,0.00,0.00,0.00,0.00,0.00,0.0,0.0,0.0,0.0
429,Moussa Sissoko\2acd49b9,fr FRA,MF,Tottenham,29,1989,29,28,2452,27.2,2,1,2,0,0,8,0,0.07,0.04,0.11,0.07,0.11,2.4,2.4,1.1,3.5
430,Oliver Skipp\6250083a,eng ENG,MFDF,Tottenham,18,2000,7,1,77,0.9,0,0,0,0,0,0,0,0.00,0.00,0.00,0.00,0.00,0.0,0.0,0.0,0.0
431,William Smallbone\5e105217,ie IRL,MF,Southampton,19,2000,9,4,393,4.4,0,2,0,0,0,0,0,0.00,0.46,0.46,0.00,0.46,0.3,0.3,0.3,0.6
432,Emile Smith Rowe\17695062,eng ENG,MF,Arsenal,19,2000,2,1,97,1.1,0,0,0,0,0,0,0,0.00,0.00,0.00,0.00,0.00,0.0,0.0,0.0,0.0
433,Adam Smith\20b104bc,eng ENG,DF,Bournemouth,28,1991,24,24,2055,22.8,0,1,0,0,0,7,0,0.00,0.04,0.04,0.00,0.04,0.6,0.6,1.0,1.5
434,Robert Snodgrass\9f4647e9,sct SCO,MFFW,West Ham,31,1987,24,17,1509,16.8,5,5,5,0,0,4,0,0.30,0.30,0.60,0.30,0.60,2.8,2.8,2.8,5.6
435,Cédric Soares\839c14e1,pt POR,DF,Arsenal,27,1991,5,3,249,2.8,1,0,1,0,0,0,0,0.36,0.00,0.36,0.36,0.36,0.0,0.0,0.0,0.1
436,Cédric Soares\839c14e1,pt POR,DF,Southampton,27,1991,16,16,1306,14.5,0,1,0,0,0,1,0,0.00,0.07,0.07,0.00,0.07,0.6,0.6,1.2,1.9
437,Dominic Solanke\e77dc3b2,eng ENG,FWMF,Bournemouth,21,1997,32,17,1651,18.3,3,1,3,0,0,1,0,0.16,0.05,0.22,0.16,0.22,3.7,3.7,0.9,4.6
438,Tomáš Souček\6613c819,cz CZE,MF,West Ham,24,1995,13,12,1040,11.6,3,0,3,0,0,0,0,0.26,0.00,0.26,0.26,0.26,2.1,2.1,0.5,2.6
439,Çağlar Söyüncü\21166ff4,tr TUR,DF,Leicester City,23,1996,34,34,3036,33.7,1,1,1,0,0,4,1,0.03,0.03,0.06,0.03,0.06,2.3,2.3,0.3,2.6
440,Dennis Srbeny\1fdec858,de GER,MFFW,Norwich City,25,1994,8,0,47,0.5,1,0,1,0,0,0,0,1.91,0.00,1.91,1.91,1.91,0.6,0.6,0.0,0.6
441,Jack Stacey\558807c0,eng ENG,DF,Bournemouth,23,1996,19,17,1549,17.2,0,2,0,0,0,2,0,0.00,0.12,0.12,0.00,0.12,0.3,0.3,2.2,2.5
442,Junior Stanislas\6992791d,eng ENG,MFDF,Bournemouth,29,1989,15,7,712,7.9,3,0,2,1,1,1,0,0.38,0.00,0.38,0.25,0.25,1.6,0.8,0.8,1.6
443,Jed Steer\a8a3d139,eng ENG,GK,Aston Villa,26,1992,1,1,7,0.1,0,0,0,0,0,0,0,0.00,0.00,0.00,0.00,0.00,0.0,0.0,0.0,0.0
444,Dale Stephens\653ee42d,eng ENG,MF,Brighton,30,1989,33,28,2530,28.1,0,1,0,0,0,8,0,0.00,0.04,0.04,0.00,0.04,0.5,0.5,1.1,1.6
445,Jack Stephens\6adbc307,eng ENG,DF,Southampton,25,1994,28,27,2451,27.2,1,3,1,0,0,4,1,0.04,0.11,0.15,0.04,0.15,0.7,0.7,1.3,2.0
446,Raheem Sterling\b400bde0,eng ENG,FW,Manchester City,24,1994,33,30,2651,29.5,20,1,20,0,2,5,0,0.68,0.03,0.71,0.68,0.71,17.0,15.1,7.0,22.1
447,Enda Stevens\17d4507a,ie IRL,DF,Sheffield Utd,29,1990,38,38,3345,37.2,2,4,2,0,0,7,0,0.05,0.11,0.16,0.05,0.16,1.2,1.2,4.7,5.9
448,Marco Stiepermann\b606638c,de GER,MF,Norwich City,28,1991,24,14,1180,13.1,0,0,0,0,0,6,0,0.00,0.00,0.00,0.00,0.00,1.5,1.5,0.5,2.1
449,John Stones\5eecec3d,eng ENG,DF,Manchester City,25,1994,16,12,1122,12.5,0,0,0,0,0,0,0,0.00,0.00,0.00,0.00,0.00,0.6,0.6,0.1,0.7
450,Isaac Success\f573a8bf,ng NGA,FWMF,Watford,23,1996,5,0,70,0.8,0,0,0,0,0,1,0,0.00,0.00,0.00,0.00,0.00,0.1,0.1,0.1,0.2
451,Ki Sung-yueng\1d8c99b0,kr KOR,MF,Newcastle Utd,30,1989,3,1,137,1.5,0,0,0,0,0,0,0,0.00,0.00,0.00,0.00,0.00,0.0,0.0,0.1,0.1
452,Andrew Surman\7d41b619,eng ENG,MF,Bournemouth,32,1986,5,2,235,2.6,0,0,0,0,0,1,0,0.00,0.00,0.00,0.00,0.00,0.0,0.0,0.0,0.0
453,Sam Surridge\b017b770,eng ENG,FWMF,Bournemouth,21,1998,4,0,27,0.3,0,0,0,0,0,0,0,0.00,0.00,0.00,0.00,0.00,0.4,0.4,0.0,0.4
454,Japhet Tanganga\e9971f2d,eng ENG,DF,Tottenham,20,1999,6,6,525,5.8,0,0,0,0,0,1,0,0.00,0.00,0.00,0.00,0.00,0.1,0.1,0.0,0.1
455,Matt Targett\e514ab62,eng ENG,DF,Aston Villa,23,1995,28,27,2291,25.5,1,2,1,0,0,4,0,0.04,0.08,0.12,0.04,0.12,0.5,0.5,2.7,3.2
456,James Tarkowski\15ea812b,eng ENG,DF,Burnley,26,1992,38,38,3420,38.0,2,2,2,0,0,10,0,0.05,0.05,0.11,0.05,0.11,2.4,2.4,2.2,4.6
457,Charlie Taylor\cc2d7ad5,eng ENG,DF,Burnley,25,1993,24,22,1945,21.6,0,1,0,0,0,3,0,0.00,0.05,0.05,0.00,0.05,0.0,0.0,1.3,1.3
458,Neil Taylor\c2f9d19f,wls WAL,DF,Aston Villa,30,1989,14,11,1091,12.1,0,0,0,0,0,2,0,0.00,0.00,0.00,0.00,0.00,0.3,0.3,0.2,0.5
459,Nathan Tella\f1e94cd6,eng ENG,FW,Southampton,20,1999,1,0,3,0.0,0,0,0,0,0,0,0,0.00,0.00,0.00,0.00,0.00,0.1,0.1,0.0,0.1
460,Alexander Tettey\75566759,no NOR,MFDF,Norwich City,33,1986,30,28,2338,26.0,1,1,1,0,0,5,0,0.04,0.04,0.08,0.04,0.08,0.8,0.8,0.8,1.6
461,Jordan Thomas\b547f08c,eng ENG,FW,Norwich City,18,2001,1,0,1,0.0,0,0,0,0,0,0,0,0.00,0.00,0.00,0.00,0.00,0.0,0.0,0.0,0.0
462,Luke Thomas\fc027d02,eng ENG,DF,Leicester City,18,2001,3,3,267,3.0,0,1,0,0,0,0,0,0.00,0.34,0.34,0.00,0.34,0.0,0.0,0.9,0.9
463,Max Thompson\fa38722f,eng ENG,FW,Burnley,17,2002,1,0,3,0.0,0,0,0,0,0,0,0,0.00,0.00,0.00,0.00,0.00,0.0,0.0,0.0,0.0
464,Youri Tielemans\56f7a928,be BEL,MF,Leicester City,22,1997,37,32,2828,31.4,3,6,3,0,0,2,0,0.10,0.19,0.29,0.10,0.29,3.3,3.3,5.4,8.7
465,Kieran Tierney\fce2302c,sct SCO,DF,Arsenal,22,1997,15,12,989,11.0,1,1,1,0,0,2,0,0.09,0.09,0.18,0.09,0.18,0.3,0.3,1.1,1.4
466,James Tomkins\e7ca0439,eng ENG,DF,Crystal Palace,30,1989,18,18,1582,17.6,1,1,1,0,0,5,0,0.06,0.06,0.11,0.06,0.11,1.2,1.2,0.1,1.3
467,Fikayo Tomori\7edfbb8a,eng ENG,DF,Chelsea,21,1997,15,15,1291,14.3,1,0,1,0,0,3,0,0.07,0.00,0.07,0.07,0.07,0.6,0.6,0.2,0.7
468,Lucas Torreira\52611641,uy URU,MF,Arsenal,23,1996,29,17,1512,16.8,1,1,1,0,0,7,0,0.06,0.06,0.12,0.06,0.12,1.6,1.6,1.1,2.8
469,Cenk Tosun\9a104dee,tr TUR,FW,Crystal Palace,28,1991,5,2,177,2.0,1,0,1,0,0,0,0,0.51,0.00,0.51,0.51,0.51,0.7,0.7,0.0,0.7
470,Cenk Tosun\9a104dee,tr TUR,FW,Everton,28,1991,5,2,291,3.2,1,0,1,0,0,0,0,0.31,0.00,0.31,0.31,0.31,0.7,0.7,0.1,0.9
471,Andros Townsend\b28bbd58,eng ENG,MF,Crystal Palace,28,1991,24,14,1294,14.4,1,1,1,0,0,0,0,0.07,0.07,0.14,0.07,0.14,0.4,0.4,2.0,2.4
472,Adama Traoré\9a28eba4,es ESP,FWMF,Wolves,23,1996,37,27,2605,28.9,4,9,4,0,0,1,0,0.14,0.31,0.45,0.14,0.45,3.5,3.5,6.7,10.2
473,Mark Travers\fe558029,ie IRL,GK,Bournemouth,20,1999,1,1,90,1.0,0,0,0,0,0,0,0,0.00,0.00,0.00,0.00,0.00,0.0,0.0,0.0,0.0
474,Trézéguet\3ae14ed1,eg EGY,FWMF,Aston Villa,24,1994,34,20,1950,21.7,6,1,6,0,0,4,1,0.28,0.05,0.32,0.28,0.32,3.9,3.9,0.8,4.8
475,Leandro Trossard\38ceb24a,be BEL,FWMF,Brighton,24,1994,31,22,2011,22.3,5,3,5,0,0,0,0,0.22,0.13,0.36,0.22,0.36,4.7,4.7,4.0,8.7
476,Tom Trybull\552aa16c,de GER,MF,Norwich City,26,1993,16,14,1130,12.6,0,0,0,0,0,2,0,0.00,0.00,0.00,0.00,0.00,0.4,0.4,0.1,0.5
477,Axel Tuanzebe\2baec6ce,eng ENG,DF,Manchester Utd,21,1997,5,2,189,2.1,0,0,0,0,0,0,0,0.00,0.00,0.00,0.00,0.00,0.0,0.0,0.0,0.0
478,Yan Valery\531a4aa8,fr FRA,DF,Southampton,20,1999,11,10,779,8.7,0,0,0,0,0,1,0,0.00,0.00,0.00,0.00,0.00,0.4,0.4,0.7,1.1
479,Jesús Vallejo\c2111b45,es ESP,DF,Wolves,22,1997,2,1,163,1.8,0,0,0,0,0,1,0,0.00,0.00,0.00,0.00,0.00,0.0,0.0,0.0,0.0
480,Jamie Vardy\45963054,eng ENG,FW,Leicester City,32,1987,35,34,3033,33.7,23,5,19,4,5,2,0,0.68,0.15,0.83,0.56,0.71,20.3,16.5,5.5,22.0
481,Indiana Vassilev\04e195ee,us USA,FWMF,Aston Villa,18,2001,4,0,51,0.6,0,0,0,0,0,0,0,0.00,0.00,0.00,0.00,0.00,0.0,0.0,0.0,0.0
482,Jan Vertonghen\ba23a904,be BEL,DF,Tottenham,32,1987,23,19,1645,18.3,1,1,1,0,0,2,0,0.05,0.05,0.11,0.05,0.11,0.3,0.3,1.0,1.2
483,Jannik Vestergaard\1900032e,dk DEN,DF,Southampton,26,1992,19,17,1497,16.6,1,0,1,0,0,3,0,0.06,0.00,0.06,0.06,0.06,0.8,0.8,0.1,1.0
484,Rúben Vinagre\b937e490,pt POR,DF,Wolves,20,1999,16,6,652,7.2,0,0,0,0,0,1,0,0.00,0.00,0.00,0.00,0.00,0.3,0.3,0.5,0.9
485,Jake Vokins\d484c261,eng ENG,DF,Southampton,19,2000,1,1,90,1.0,0,0,0,0,0,0,0,0.00,0.00,0.00,0.00,0.00,0.0,0.0,0.1,0.1
486,Mario Vrančić\16fa6881,ba BIH,MF,Norwich City,30,1989,20,6,636,7.1,1,0,1,0,0,3,0,0.14,0.00,0.14,0.14,0.14,1.7,1.7,1.1,2.7
487,Matěj Vydra\0d4ceb32,cz CZE,FW,Burnley,27,1992,19,7,819,9.1,2,1,2,0,0,0,0,0.22,0.11,0.33,0.22,0.33,3.7,3.7,1.1,4.9
488,Theo Walcott\1ecb65be,eng ENG,MFFW,Everton,30,1989,25,17,1287,14.3,2,3,2,0,0,1,0,0.14,0.21,0.35,0.14,0.35,2.8,2.8,2.8,5.6
489,Kyle Walker\86dd77d1,eng ENG,DF,Manchester City,29,1990,29,28,2392,26.6,1,4,1,0,0,5,0,0.04,0.15,0.19,0.04,0.19,1.0,1.0,2.1,3.1
490,Kyle Walker-Peters\984a5a64,eng ENG,DF,Southampton,22,1997,10,7,703,7.8,0,0,0,0,0,1,0,0.00,0.00,0.00,0.00,0.00,0.1,0.1,0.5,0.6
491,Kyle Walker-Peters\984a5a64,eng ENG,DF,Tottenham,22,1997,3,3,241,2.7,0,0,0,0,0,0,0,0.00,0.00,0.00,0.00,0.00,0.0,0.0,0.1,0.1
492,Aaron Wan-Bissaka\9e525177,eng ENG,DF,Manchester Utd,21,1997,35,34,3070,34.1,0,4,0,0,0,8,0,0.00,0.12,0.12,0.00,0.12,0.9,0.9,2.9,3.7
493,Victor Wanyama\e0900238,ke KEN,MF,Tottenham,28,1991,2,0,25,0.3,0,0,0,0,0,1,0,0.00,0.00,0.00,0.00,0.00,0.0,0.0,0.0,0.0
494,Joel Ward\8a7ff278,eng ENG,DF,Crystal Palace,29,1989,29,27,2382,26.5,0,0,0,0,0,4,0,0.00,0.00,0.00,0.00,0.00,0.3,0.3,0.2,0.6
495,James Ward-Prowse\3515d404,eng ENG,MFDF,Southampton,24,1994,38,38,3420,38.0,5,3,4,1,3,9,0,0.13,0.08,0.21,0.11,0.18,7.1,4.6,5.3,9.9
496,Kelland Watts\603e4f0b,eng ENG,DF,Newcastle Utd,19,1999,1,0,17,0.2,0,0,0,0,0,0,0,0.00,0.00,0.00,0.00,0.00,0.0,0.0,0.0,0.0
497,Adam Webster\c40b6180,eng ENG,DF,Brighton,24,1995,31,31,2668,29.6,3,1,3,0,0,4,0,0.10,0.03,0.13,0.10,0.13,1.1,1.1,1.0,2.1
498,Danny Welbeck\ce5143da,eng ENG,FWMF,Watford,28,1990,18,8,822,9.1,2,0,2,0,0,0,0,0.22,0.00,0.22,0.22,0.22,3.3,3.3,0.2,3.5
499,Ashley Westwood\495945ef,eng ENG,MF,Burnley,29,1990,35,35,3150,35.0,2,6,2,0,0,9,0,0.06,0.17,0.23,0.06,0.23,1.2,1.2,5.0,6.2
500,Connor Wickham\41cc19c2,eng ENG,FWMF,Crystal Palace,26,1993,6,0,96,1.1,1,1,1,0,0,0,0,0.94,0.94,1.87,0.94,1.87,1.3,1.3,0.5,1.8
501,Georginio Wijnaldum\eb58eef0,nl NED,MF,Liverpool,28,1990,37,35,2935,32.6,4,0,4,0,0,0,0,0.12,0.00,0.12,0.12,0.12,3.1,3.1,1.2,4.3
502,Jetro Willems\9050ddc4,nl NED,DF,Newcastle Utd,25,1994,19,18,1493,16.6,2,2,2,0,0,0,0,0.12,0.12,0.24,0.12,0.24,0.6,0.6,1.2,1.8
503,Brandon Williams\5e74d6c8,eng ENG,DF,Manchester Utd,18,2000,17,11,1006,11.2,1,0,1,0,0,6,0,0.09,0.00,0.09,0.09,0.09,0.7,0.7,0.6,1.3
504,Neco Williams\dd323728,wls WAL,DF,Liverpool,18,2001,6,3,230,2.6,0,0,0,0,0,1,0,0.00,0.00,0.00,0.00,0.00,0.3,0.3,0.1,0.4
505,Willian\8b9ebd03,br BRA,FW,Chelsea,30,1988,36,29,2600,28.9,9,7,5,4,4,4,0,0.31,0.24,0.55,0.17,0.42,7.1,4.0,6.9,10.9
506,Joe Willock\a3b03921,eng ENG,MFFW,Arsenal,19,1999,29,8,857,9.5,1,1,1,0,0,2,0,0.11,0.11,0.21,0.11,0.21,2.3,2.3,0.8,3.2
507,Jack Wilshere\9c318325,eng ENG,MF,West Ham,27,1992,8,2,215,2.4,0,0,0,0,0,0,0,0.00,0.00,0.00,0.00,0.00,0.0,0.0,0.0,0.0
508,Callum Wilson\c596fcb0,eng ENG,FW,Bournemouth,27,1992,35,32,2908,32.3,8,1,8,0,0,10,0,0.25,0.03,0.28,0.25,0.28,10.0,10.0,3.1,13.1
509,Harry Wilson\c6dc9ecd,wls WAL,MFFW,Bournemouth,22,1997,31,20,1646,18.3,7,0,7,0,0,2,0,0.38,0.00,0.38,0.38,0.38,4.5,4.5,1.6,6.1
510,Harry Winks\2f7acede,eng ENG,MF,Tottenham,23,1996,31,26,2221,24.7,0,0,0,0,0,9,0,0.00,0.00,0.00,0.00,0.00,0.5,0.5,1.1,1.6
511,Chris Wood\4e9a0555,nz NZL,FW,Burnley,27,1991,32,29,2437,27.1,14,1,13,1,1,1,0,0.52,0.04,0.55,0.48,0.52,13.0,12.2,0.9,13.1
512,Granit Xhaka\e61b8aee,ch SUI,MF,Arsenal,26,1992,31,30,2586,28.7,1,2,1,0,0,10,0,0.03,0.07,0.10,0.03,0.10,0.3,0.3,1.1,1.4
513,Andriy Yarmolenko\849c826a,ua UKR,MFFW,West Ham,29,1989,23,10,991,11.0,5,1,5,0,0,2,0,0.45,0.09,0.54,0.45,0.54,2.1,2.1,2.7,4.7
514,DeAndre Yedlin\ae0a7ddf,us USA,DF,Newcastle Utd,26,1993,16,10,938,10.4,1,0,1,0,0,3,0,0.10,0.00,0.10,0.10,0.10,0.7,0.7,0.3,1.0
515,Maya Yoshida\caffaf5a,jp JPN,DF,Southampton,30,1988,8,6,560,6.2,0,0,0,0,0,1,0,0.00,0.00,0.00,0.00,0.00,0.5,0.5,0.0,0.5
516,Ashley Young\be927d03,eng ENG,DF,Manchester Utd,34,1985,12,10,955,10.6,0,0,0,0,0,5,0,0.00,0.00,0.00,0.00,0.00,0.1,0.1,1.2,1.4
517,Pablo Zabaleta\6813ac34,ar ARG,DF,West Ham,34,1985,10,6,592,6.6,0,0,0,0,0,2,0,0.00,0.00,0.00,0.00,0.00,0.0,0.0,0.4,0.4
518,Wilfried Zaha\b2bc3b1f,ci CIV,MFFW,Crystal Palace,26,1992,38,37,3280,36.4,4,3,4,0,0,5,0,0.11,0.08,0.19,0.11,0.19,5.3,5.3,3.3,8.6
519,Christoph Zimmermann\2d5f03bf,de GER,DF,Norwich City,26,1993,17,16,1430,15.9,0,1,0,0,0,3,0,0.00,0.06,0.06,0.00,0.06,0.3,0.3,0.1,0.4
520,Oleksandr Zinchenko\51cf8561,ua UKR,DF,Manchester City,22,1996,19,13,1276,14.2,0,0,0,0,0,2,1,0.00,0.00,0.00,0.00,0.00,0.4,0.4,1.7,2.1
521,Richairo Živković\d2d74d9c,nl NED,FW,Sheffield Utd,22,1996,5,0,112,1.2,0,0,0,0,0,0,0,0.00,0.00,0.00,0.00,0.00,0.0,0.0,0.2,0.2
522,Kurt Zouma\ce4246f5,fr FRA,DF,Chelsea,24,1994,28,25,2344,26.0,0,0,0,0,0,6,0,0.00,0.00,0.00,0.00,0.00,0.8,0.8,0.2,1.0